stimulus_index,label_animate,top1_imagenet_class,loo_score,loo_prediction_animate,correct,cos_to_inanimate_template,cos_to_animate_template,template_cosine_similarity,weight_norm,original_population_norm
0,1,294,-0.0110874595,0,False,0.76611805,0.7550306,0.9773075,0.21303782,13.282085
1,1,294,-0.0085948445,0,False,0.7436,0.73500514,0.97737724,0.2127103,15.637757
2,1,294,0.013517855,1,True,0.71740514,0.730923,0.97785395,0.2104561,18.545979
3,1,35,0.0046616513,1,True,0.6893602,0.6940219,0.97769374,0.21121715,18.210331
4,1,146,-0.015312217,0,False,0.8142193,0.79890704,0.9771805,0.2136334,11.794733
5,1,291,0.031170802,1,True,0.6533783,0.6845491,0.9782685,0.20847857,19.613682
6,1,291,0.02486402,1,True,0.7232425,0.74810654,0.9780834,0.20936348,16.81497
7,1,291,0.028504254,1,True,0.7376618,0.76616603,0.978147,0.20905995,17.171871
8,1,101,0.035014402,1,True,0.7250226,0.760037,0.97829163,0.20836776,17.094044
9,1,101,0.023216031,1,True,0.7173733,0.7405894,0.9780543,0.2095034,18.685814
10,1,340,0.0065592653,1,True,0.7931844,0.79974365,0.97764903,0.21142922,14.158699
11,1,292,-0.006896647,0,False,0.806404,0.7995073,0.9773605,0.21278909,15.009297
12,1,292,0.0051310365,1,True,0.7551986,0.76032966,0.9776509,0.21142039,14.383088
13,1,286,0.010093281,1,True,0.71398693,0.7240802,0.97778624,0.21077846,17.77115
14,1,272,-0.008559701,0,False,0.7574716,0.7489119,0.9773666,0.21275991,14.364591
15,1,293,0.013116035,1,True,0.7224391,0.7355551,0.977842,0.21051459,15.655422
16,1,288,-0.0037119703,0,False,0.77207816,0.76836616,0.9774548,0.21234609,15.456992
17,1,288,0.017797653,1,True,0.6973405,0.71513814,0.97795826,0.20996055,18.42352
18,1,22,0.003321596,1,True,0.70350415,0.70682573,0.97765505,0.21140061,15.119367
19,1,21,0.035770692,1,True,0.6081079,0.6438786,0.97839767,0.20785815,21.994492
20,0,472,-0.005777152,0,True,0.7298135,0.7240364,0.97768843,0.2112412,14.1309395
21,1,144,-0.003955979,0,False,0.7427917,0.73883575,0.9774736,0.21225722,15.486038
22,1,288,0.03097802,1,True,0.74456835,0.7755464,0.9781925,0.20884244,18.048782
23,1,372,0.019065222,1,True,0.76821107,0.7872763,0.97792757,0.21010761,17.031511
24,1,94,0.0025008887,1,True,0.7526814,0.75518227,0.9775986,0.21166706,17.697596
25,1,360,-0.0044197966,0,False,0.73816496,0.73374516,0.9774678,0.21228464,17.980816
26,1,41,0.028231481,1,True,0.69180596,0.7200374,0.97817796,0.20891212,20.218616
27,1,340,0.01838237,1,True,0.7578658,0.77624816,0.9779219,0.21013428,15.837173
28,1,85,0.0040335394,1,True,0.73099965,0.73503315,0.9776479,0.21143478,17.37857
29,1,271,0.015487141,1,True,0.7029657,0.7184528,0.9779063,0.21020855,21.153053
30,0,912,-0.004241686,0,True,0.7332807,0.7290391,0.9776476,0.21143398,12.157324
31,0,649,-0.01326986,0,True,0.7513243,0.73805445,0.9778503,0.21047369,13.486668
32,1,353,0.018980728,1,True,0.69797736,0.7169581,0.97798234,0.2098467,18.471579
33,1,250,0.020522041,1,True,0.75537103,0.7758931,0.9779681,0.20991449,16.125704
34,1,101,-0.013583448,0,False,0.76023006,0.74664664,0.977261,0.2132566,15.162768
35,1,21,6.647625e-05,1,True,0.7366994,0.73676586,0.97756135,0.21184295,16.915154
36,1,348,-0.0080629075,0,False,0.6928758,0.6848129,0.97742873,0.21246855,14.82185
37,0,979,-0.022932865,0,True,0.7885644,0.7656315,0.97804946,0.20952496,11.016994
38,0,958,-0.0019677477,0,True,0.75808036,0.7561126,0.9775684,0.21180965,13.7202835
39,1,285,0.009266476,1,True,0.71931213,0.72857857,0.977765,0.21087946,18.230095
40,1,301,-0.007014861,0,False,0.78293884,0.77592397,0.9773775,0.21270858,13.737824
41,1,323,0.010328136,1,True,0.6743016,0.68462974,0.9778223,0.21060741,19.020685
42,1,301,0.022598267,1,True,0.706591,0.7291893,0.97805005,0.20952332,18.824951
43,0,821,0.0033792069,1,False,0.68487394,0.68825316,0.9775081,0.2120931,17.018671
44,1,353,-0.014018523,0,False,0.72487193,0.7108534,0.9772807,0.21316455,16.25808
45,1,351,0.017124513,1,True,0.72286725,0.7399918,0.97792435,0.21012314,18.444176
46,1,347,-0.013015275,0,False,0.77072924,0.757714,0.97726417,0.21324201,12.618071
47,1,287,0.0012953047,1,True,0.790129,0.79142433,0.9775429,0.21192987,13.138806
48,1,41,0.027786886,1,True,0.6861621,0.71394897,0.97817314,0.20893484,17.30714
49,1,24,-0.0020829632,0,False,0.7704601,0.7683772,0.9774895,0.21218157,14.970845
50,1,271,0.005326383,1,True,0.74257755,0.74790394,0.97766507,0.21135285,15.177148
51,1,133,-0.004998971,0,False,0.803219,0.7982201,0.9774022,0.21259265,14.319993
52,1,97,0.00047684158,1,True,0.75122833,0.75170517,0.97755814,0.21185854,14.28366
53,1,366,0.012092365,1,True,0.74276495,0.7548573,0.97780466,0.21069247,15.037943
54,1,104,0.0033106436,1,True,0.7744323,0.7777429,0.9775976,0.21167234,13.950746
55,1,21,0.016835002,1,True,0.682208,0.699043,0.9779503,0.20999858,17.650917
56,1,146,0.0020549595,1,True,0.70681137,0.70886636,0.97762614,0.21153644,14.400365
57,1,99,0.0044255615,1,True,0.69648546,0.70091105,0.9776833,0.21126667,17.11409
58,1,24,-0.0013637226,0,False,0.8044961,0.80313236,0.9774761,0.21224488,14.321296
59,0,703,-0.021918003,0,True,0.77043915,0.74852115,0.9780427,0.20955825,11.167157
60,0,448,-0.01714022,0,True,0.7360855,0.71894526,0.97795933,0.20995522,14.207215
61,0,703,-0.008840742,0,True,0.70801437,0.6991736,0.97778416,0.21078931,12.512614
62,0,703,-0.025012087,0,True,0.8237432,0.7987311,0.97806525,0.20944998,11.039543
63,0,975,-0.004987955,0,True,0.7896647,0.78467673,0.9776107,0.21160914,14.196021
64,1,309,-0.0027416009,0,False,0.7862932,0.7835516,0.977463,0.21230717,13.628816
65,0,985,0.0024013051,1,False,0.7210882,0.72348946,0.9774977,0.21214277,18.259165
66,0,985,0.0033789047,1,False,0.7796736,0.7830525,0.9774166,0.21252462,13.278553
67,0,716,0.0124928225,1,False,0.7726736,0.78516644,0.9772013,0.21353531,15.787942
68,0,975,-0.01161416,0,True,0.8217353,0.8101212,0.9777402,0.21099639,13.2069025
69,0,883,-0.003619884,0,True,0.6464492,0.6428293,0.97771394,0.21112087,19.214249
70,1,67,0.0023966674,1,True,0.68175775,0.68415445,0.9776531,0.21141002,17.683119
71,0,985,-0.016643493,0,True,0.76836693,0.7517234,0.977916,0.2101615,15.955193
72,0,733,-0.0018618432,0,True,0.7308539,0.7289921,0.9775919,0.21169701,13.802781
73,0,989,-0.0036980428,0,True,0.79319125,0.7894932,0.9775758,0.21177448,14.0133705
74,0,972,-0.0062885596,0,True,0.77329284,0.76700425,0.9776587,0.21138243,14.774429
75,0,936,-0.02714085,0,True,0.79468095,0.7675401,0.9781463,0.20906326,13.675024
76,1,335,-0.0068946676,0,False,0.7245486,0.71765393,0.9774277,0.21247336,16.587898
77,0,462,-0.016000558,0,True,0.78588295,0.76988244,0.9778831,0.21031794,12.81474
78,1,45,0.0020093296,1,True,0.7990542,0.80106354,0.97755045,0.21189554,14.753523
79,0,718,-0.023158334,0,True,0.79664266,0.7734843,0.9780472,0.20953682,13.130728
80,0,703,-0.007118146,0,True,0.79277295,0.78565484,0.97765964,0.21137811,13.494141
81,0,716,-0.01568677,0,True,0.7152977,0.6996109,0.9779437,0.2100297,13.486975
82,0,733,-0.021948412,0,True,0.81395113,0.79200274,0.97800034,0.2097599,13.123182
83,0,469,0.003135119,1,False,0.75339764,0.7565327,0.97744846,0.21237452,15.741937
84,0,630,0.012102861,1,False,0.7372538,0.7493567,0.9772458,0.21332718,15.020732
85,0,799,0.00603373,1,False,0.69842875,0.70446247,0.9774307,0.21245766,20.23246
86,0,421,-0.0026132716,0,True,0.68416065,0.6815474,0.97765476,0.21140127,17.591211
87,0,489,-0.006333112,0,True,0.8066032,0.8002701,0.97762656,0.21153426,13.851191
88,0,703,-0.01683499,0,True,0.8094623,0.79262733,0.9778798,0.21033268,12.148366
89,0,985,0.0017136026,1,False,0.78361434,0.785328,0.9774533,0.21235193,15.896196
90,0,512,-0.003714125,0,True,0.77130866,0.7675946,0.977598,0.21166998,14.461863
91,0,956,-0.0146522075,0,True,0.82694113,0.81228894,0.9778092,0.21066959,12.821015
92,0,672,-0.01644827,0,True,0.7987937,0.7823454,0.9778812,0.21032692,14.424228
93,1,301,0.015957195,1,True,0.75020766,0.7661649,0.9778782,0.21034253,17.049494
94,0,525,-0.0073850276,0,True,0.7530934,0.7457084,0.9777053,0.21116227,16.23735
95,0,716,-0.016806735,0,True,0.78937906,0.7725723,0.97789943,0.21024086,14.288694
96,0,703,-0.008395287,0,True,0.8146426,0.8062473,0.97766864,0.21133454,13.937666
97,0,703,-0.01329644,0,True,0.816238,0.80294156,0.9777869,0.21077527,13.246652
98,0,703,-0.009321847,0,True,0.7108767,0.7015549,0.977793,0.21074657,17.872984
99,0,703,-0.022773828,0,True,0.72495717,0.70218337,0.9781072,0.20924994,15.009009
100,0,764,-0.010449585,0,True,0.78357995,0.77313036,0.97775,0.21094999,14.641598
101,0,500,0.016843634,1,False,0.70534647,0.7221901,0.9771611,0.21372356,18.5332
102,1,146,0.0033115596,1,True,0.71363986,0.71695143,0.97764665,0.21143955,14.417661
103,0,703,0.0036445581,1,False,0.76602185,0.76966643,0.97742367,0.21249145,15.94407
104,0,640,0.01994128,1,False,0.66443837,0.6843797,0.97712433,0.21389511,15.847249
105,0,506,-0.017259752,0,True,0.6770781,0.65981835,0.9780177,0.20967735,17.618849
106,0,421,-0.0048608407,0,True,0.64162904,0.6367682,0.9777485,0.21095721,17.922903
107,1,134,-0.015540516,0,False,0.80811363,0.7925731,0.9771811,0.2136314,12.4352
108,0,795,0.012244549,1,False,0.6829487,0.6951933,0.9772941,0.21309936,18.624722
109,1,23,0.014070887,1,True,0.68840003,0.7024709,0.97788835,0.21029289,16.985146
110,1,313,0.007753986,1,True,0.7354052,0.7431592,0.97772074,0.21108845,18.226845
111,0,738,0.016490245,1,False,0.69637144,0.7128617,0.97717834,0.21364316,17.168121
112,1,323,0.026551949,1,True,0.73826647,0.7648184,0.97810644,0.2092548,17.743486
113,0,767,-0.008911118,0,True,0.64806813,0.639157,0.97784126,0.21051769,16.857828
114,0,767,-0.0138982665,0,True,0.6944563,0.680558,0.97791976,0.21014383,17.941715
115,0,883,0.0015643243,1,False,0.7247322,0.72629654,0.97751474,0.2120631,17.636526
116,0,515,-0.00090947846,0,True,0.7673505,0.76644105,0.97753346,0.2119744,12.887099
117,0,489,0.0019709878,1,False,0.7039908,0.70596176,0.97752416,0.21201643,17.704945
