source_acronym,source_structure_id,n_units_sampled,matched_injection_acronym,matched_injection_structure_id,n_injection_experiments,target_structure_id,target_acronym,n_experiments,mean_projection_density,median_projection_density,mean_projection_energy,median_projection_energy,mean_normalized_projection_volume,median_normalized_projection_volume
CA1,382,107,CA1,382,6,502,SUB,6,0.04386351126934316,0.0123362576334434,128.4175783397246,9.01068091392515,0.6802296953022203,0.47093829994709846
CA1,382,107,CA1,382,6,382,CA1,6,0.031395705419805936,0.01047102781012655,85.41959983250413,15.9984660148621,2.594150570122768,1.9020838636342399
CA1,382,107,CA1,382,6,484682470,ProS,6,0.029591497541987383,0.01348061240827755,98.49439671581796,16.2583990663827,0.33047538914517877,0.145883614317044
CA1,382,107,CA1,382,6,333,SH,6,0.02818542345596557,0.00084303840412755,52.738428838817114,0.308745041489601,0.004437349971612922,0.00033535307995274997
CA1,382,107,CA1,382,6,443,dhc,6,0.02777500733244742,0.00126494214055125,42.37157908976783,0.6971617341041559,0.15113081577517634,0.0134349083303991
CA1,382,107,CA1,382,6,618,hc,6,0.02709316645304138,0.00171474129447055,40.05888878375767,0.8768302949221894,0.1574920498017377,0.0148097159563437
CA1,382,107,CA1,382,6,510,SSp-ll6b,6,0.024486055423051156,0.0,46.82167447017621,0.0,0.005110591210241055,0.0
CA1,382,107,CA1,382,6,375,CA,6,0.024447117442158956,0.01154687106857145,59.00003174774143,10.77256329245462,3.247774486754758,2.59531315216066
CA1,382,107,CA1,382,6,423,CA2,6,0.024047868968680098,0.013685353100299849,54.51624008272769,16.845912933349624,0.08673796536244927,0.06736589494996856
CA1,382,107,CA1,382,6,461,SSp-tr6b,6,0.022798744603854445,0.0,23.796282993829653,0.0,0.003824036206733893,0.0
CA1,382,107,CA1,382,6,310,SF,6,0.02206126675677375,0.0143027079017932,39.57700128573683,7.077450549379085,0.0700585717195122,0.05370675276214025
CA1,382,107,CA1,382,6,9,SSp-tr6a,6,0.021998206025045666,0.0,26.7742437429214,0.0,0.026420345790684644,0.0
CA1,382,107,CA1,382,6,606826659,MMd,6,0.019515642875416947,3.9453302633774e-06,19.23729623611445,0.0033553423127159,0.0060425655083611715,4.39899324871318e-06
CA1,382,107,CA1,382,6,478,SSp-ll6a,6,0.01933398239111369,0.0,42.72031417419394,0.0,0.04928559780724292,0.0
CA1,382,107,CA1,382,6,1006,SSp-tr1,6,0.01932417988085831,0.00010310334873578285,28.872245926205885,0.019578423470090298,0.020910031151767136,0.00047174617016845
CA1,382,107,CA1,382,6,581,TRS,6,0.018875293112806647,0.01684820812603985,32.79581388626255,9.10273128462574,0.04701751839953693,0.03598166787582475
CA1,382,107,CA1,382,6,466,alv,6,0.01875036143938163,0.0088529612616831,48.11195374570171,5.37543630599976,0.19244831353325137,0.1717123771147725
CA1,382,107,CA1,382,6,1080,HIP,6,0.018323050851206075,0.0084724577383494,43.81557319198638,7.8105345611482395,3.396378669366451,2.625068235878715
CA1,382,107,CA1,382,6,436,fx,6,0.01782370203313581,0.00234476807679645,21.694128940472662,0.9217847374819621,0.02805261547539989,0.00438183879499995
CA1,382,107,CA1,382,6,737,fxpo,6,0.017692790786024065,0.0022967974081566497,22.205205860769382,0.9052039412335235,0.029244910175875567,0.0044751231106865
CA1,382,107,CA1,382,6,449,vhc,6,0.017043446168379172,0.00632515994948335,5.9701490287254035,3.1080868840217604,0.006361234026561263,0.0025564130605254002
CA1,382,107,CA1,382,6,1099,fxs,6,0.015959248157785235,0.0104351470465848,31.698561072451128,4.3738560347495845,0.49008597147798194,0.40364081374517446
CA1,382,107,CA1,382,6,982,FC,6,0.015559145712886706,0.00219623827433675,11.644141153491397,1.2847522795200366,0.005423228438056426,0.00062040946215815
CA1,382,107,CA1,382,6,258,LSr,6,0.015151279186653786,0.0076277670670981505,37.48512793921434,5.0458824596771805,0.241169525840897,0.08506204981399096
CA1,382,107,CA1,382,6,312782570,VISa6b,6,0.015113676555397514,8.774346482386125e-05,8.462444204566161,0.0126206692109707,0.0029112290238762803,0.00015295536647837225
CA1,382,107,CA1,382,6,530,df,6,0.01509775413749869,0.000646166003207312,30.196488997205538,0.20786052430048577,0.0027368108367076755,9.842750553633946e-05
CA1,382,107,CA1,382,6,1120,IAM,6,0.01506993255738415,0.0011892212060047,9.931590433909742,0.779126137495041,0.0027674760899816576,0.0002280192166852603
CA1,382,107,CA1,382,6,1089,HPF,6,0.014934503631356115,0.00678147864527995,36.645466365567636,5.50609040260315,5.000854470645127,5.860641239818335
CA1,382,107,CA1,382,6,361,SSp-tr,6,0.01482739111358468,1.660369912299125e-05,18.603331472715674,0.00320349933517135,0.10898464631754755,0.00101062254986465
CA1,382,107,CA1,382,6,275,LSX,6,0.014461680233027359,0.008680794284667951,31.821939166227885,4.507156981137835,0.41261361337459823,0.1772230576510015
VISrl,417,92,Isocortex,315,129,74,VISl6a,129,0.09858716465442438,0.0078091211616993,293.27201728538995,3.77244028951465,0.05256958191023794,0.0071885313080223
VISrl,417,92,Isocortex,315,129,121,VISl6b,129,0.08963357197031455,0.0075952359475195,231.44606023717202,3.13589429855347,0.009071459812304552,0.0012685603340859
VISrl,417,92,Isocortex,315,129,312782594,VISli6a,129,0.08194016619389348,0.0070602716143907,208.13176481582326,3.36950034729224,0.01910366209158786,0.0022487276053102
VISrl,417,92,Isocortex,315,129,305,VISp6b,129,0.07719188192524108,0.0101502774339798,159.00666238719293,4.14708270506023,0.03428074120223429,0.0074882781918653
VISrl,417,92,Isocortex,315,129,33,VISp6a,129,0.0758994427170022,0.0077489246614277,173.77519979969765,3.29443264007568,0.221843671143228,0.030641397052407
VISrl,417,92,Isocortex,315,129,312782648,VISpor6a,129,0.07355802149094996,0.0039999077010945,194.18058783234426,1.90797412395477,0.03870547278164586,0.0030906595274172
VISrl,417,92,Isocortex,315,129,601,VISal6a,129,0.07350421742185964,0.0142852189019322,140.38967373679307,6.19840621948242,0.02606087906559833,0.0053354153263849
VISrl,417,92,Isocortex,315,129,312782598,VISli6b,129,0.07338800630776397,0.0066763437353074,170.72813414456252,2.86463504654878,0.00347780634522643,0.0004393770270455
VISrl,417,92,Isocortex,315,129,409,VISl,129,0.07178353592544731,0.0044497770029167,228.79200916922255,2.07272793135696,0.22281235411599842,0.0278105371679978
VISrl,417,92,Isocortex,315,129,421,VISl1,129,0.0668749705579556,0.0038650340866297,219.47041365306106,1.39941258929793,0.03677357647783633,0.0022297159183654
VISrl,417,92,Isocortex,315,129,377,VISpl6a,129,0.06686872745819959,0.001801582894944,131.67743491663728,0.739409818678234,0.019952346291129328,0.0008211796694738
VISrl,417,92,Isocortex,315,129,613,VISl5,129,0.06679847022815544,0.0019792064757997,219.97352938106934,1.12265002727509,0.0502941296003188,0.0026364537036184
VISrl,417,92,Isocortex,315,129,973,VISl2/3,129,0.06534915228265818,0.0011244717752561,212.50663508310527,0.492185592651367,0.04921848025955537,0.0012844305419607
VISrl,417,92,Isocortex,315,129,649,VISal6b,129,0.06444149787352457,0.0153458616426732,99.85929815612997,5.51978731155396,0.004641277947494399,0.0011347097726441
VISrl,417,92,Isocortex,315,129,312782652,VISpor6b,129,0.06374135854984318,0.0030441540293395,154.09354431014478,1.18383395671844,0.005968233220477625,0.0004037487977972
VISrl,417,92,Isocortex,315,129,573,VISl4,129,0.062091576446829805,0.000677520938343,203.53334999436208,0.369455612387979,0.02488512605574535,0.0005242848940129
VISrl,417,92,Isocortex,315,129,257,VISpm6a,129,0.061856560420678525,0.0073355743661522,97.7181346135336,3.06961059570312,0.034721058955562434,0.0043720424065339
VISrl,417,92,Isocortex,315,129,393,VISpl6b,129,0.06143204575295377,0.0019999602560339,102.38460973047792,0.646239995956421,0.001462901274299534,6.2806601129661e-05
VISrl,417,92,Isocortex,315,129,869,VISpl4,129,0.06090573770660048,0.0004216627527994,166.5015668561023,0.229323893785477,0.005576088775146153,7.12600609189005e-05
VISrl,417,92,Isocortex,315,129,312782574,VISli,129,0.05930148117954687,0.003782592373829,146.40034359195644,1.80624965961234,0.0875958636482958,0.0050413497560667
VISrl,417,92,Isocortex,315,129,469,VISpm6b,129,0.05762495337926421,0.0078498916700482,73.92973597839251,2.91333694496039,0.006013944229807456,0.0009015768687656
VISrl,417,92,Isocortex,315,129,312782578,VISli1,129,0.05694525985970665,0.0025563096151291,143.88229706813956,1.12185811276537,0.014285317973665355,0.0006635822352232
VISrl,417,92,Isocortex,315,129,312782620,VISrl6a,129,0.056803364510900234,0.0096028205007314,93.91868240916422,4.64300123564408,0.024787857908378768,0.0054616546872203
VISrl,417,92,Isocortex,315,129,1074,VISal1,129,0.056232060228324776,0.0041819810867309,114.78062982793381,1.99767684936523,0.021600428415638716,0.0016975036039326
VISrl,417,92,Isocortex,315,129,1046,VISam6a,129,0.05606673805140574,0.0084043936561182,92.74809824251362,3.43766560861829,0.03179005358853787,0.0044698665523736
VISrl,417,92,Isocortex,315,129,496345672,LGd-ip,129,0.05576274347050639,0.0,303.2463795146582,0.0,0.011624478367639853,0.0
VISrl,417,92,Isocortex,315,129,312782582,VISli2/3,129,0.05419460909932287,0.0011038145519058,122.03534050287112,0.527143537998199,0.019507551657000296,0.000329211253455
VISrl,417,92,Isocortex,315,129,402,VISal,129,0.05417669769752589,0.0056864722995637,111.58170129042182,2.85850882823252,0.12827552724518443,0.0149957278361877
VISrl,417,92,Isocortex,315,129,312782590,VISli5,129,0.05404316233917617,0.0014938107168324,140.4629709473655,0.700475348808762,0.022948186651235592,0.0006768224590604
VISrl,417,92,Isocortex,315,129,312782624,VISrl6b,129,0.053686547892891776,0.013052106423115,75.45581187571261,5.11966512378147,0.004586279935096844,0.0012284092357853
VISl,409,73,VISl,409,4,74,VISl6a,4,0.3907904054640355,0.333266518723104,1024.7661615946947,828.810042051329,0.29611839923679834,0.253516603553935
VISl,409,73,VISl,409,4,421,VISl1,4,0.34982767050360053,0.3160396051482345,1277.3371419741072,1084.2206028784121,0.32475184084953707,0.221009564275736
VISl,409,73,VISl,409,4,121,VISl6b,4,0.34839865474483594,0.296954895097846,957.6343268411475,684.6615210224255,0.05130554798311109,0.048757412657497154
VISl,409,73,VISl,409,4,312782594,VISli6a,4,0.3397929656353275,0.28724462439118703,891.0391297788888,594.9212606072674,0.11029192947105322,0.1140295537821164
VISl,409,73,VISl,409,4,409,VISl,4,0.3275971015389629,0.26407353459493,947.2712393157279,698.1754180573025,1.632357683909243,1.31312414992348
VISl,409,73,VISl,409,4,973,VISl2/3,4,0.32684551613259366,0.26218408798460247,895.7306304330942,673.181342101811,0.42404017737437694,0.30078240301432146
VISl,409,73,VISl,409,4,613,VISl5,4,0.2941054246888727,0.2122959189855485,833.3766031951432,569.1434669007115,0.35021753711444537,0.2750401229405805
VISl,409,73,VISl,409,4,573,VISl4,4,0.2831481189972254,0.231854825599891,725.6597898430856,488.819977202343,0.18592418135097424,0.157271746103116
VISl,409,73,VISl,409,4,312782598,VISli6b,4,0.28079010243056013,0.22400251929432452,793.0280658367041,347.77414584535,0.01837369353226989,0.019951850580997098
VISl,409,73,VISl,409,4,312782648,VISpor6a,4,0.27380798146445007,0.18893426324610352,595.6680891095164,302.7704209234085,0.20337371532619167,0.19317003076413852
VISl,409,73,VISl,409,4,312782590,VISli5,4,0.2583689000146453,0.22008013158636702,623.5802021410333,433.547375411788,0.15601610796295215,0.177956320921636
VISl,409,73,VISl,409,4,312782574,VISli,4,0.25168255749765917,0.21139248269879551,573.571833121266,379.310105780968,0.5189660295190321,0.5448769250951895
VISl,409,73,VISl,409,4,869,VISpl4,4,0.24185590174291194,0.12298377230763449,578.8877728767351,88.65152574616495,0.03086208017850296,0.02092885779809445
VISl,409,73,VISl,409,4,33,VISp6a,4,0.23288130566890272,0.2066021067437255,439.05763704894133,292.25884683685854,1.0411394712588373,1.11761307240441
VISl,409,73,VISl,409,4,312782652,VISpor6b,4,0.22805763128036105,0.1510947908657425,485.2720402445546,182.110560881368,0.02977773883581639,0.02646934920125375
VISl,409,73,VISl,409,4,601,VISal6a,4,0.22803988205625628,0.1593510400231535,378.3244365005069,222.485473083947,0.10973382535660964,0.08157230777878666
VISl,409,73,VISl,409,4,312782578,VISli1,4,0.2248594309032204,0.2013119152440485,531.1132465921107,338.51943901564,0.07323284604766665,0.071420746865572
VISl,409,73,VISl,409,4,312782640,VISpor4,4,0.22371151819663235,0.12881934642791765,406.86658429741027,126.576695594647,0.056818121034646375,0.0397220834476717
VISl,409,73,VISl,409,4,312782586,VISli4,4,0.21667830635953403,0.179902131215538,398.5862738292497,262.7743375925595,0.0509859679820977,0.0537671654367841
VISl,409,73,VISl,409,4,377,VISpl6a,4,0.21543807384544375,0.18424025923013698,420.4606762155593,225.33768463134749,0.08574912967707622,0.0793242058461827
VISl,409,73,VISl,409,4,312782582,VISli2/3,4,0.21475224145211125,0.164967735338777,384.3177683982438,219.10736982526902,0.11006548452299221,0.0915471937712366
VISl,409,73,VISl,409,4,305,VISp6b,4,0.20437903859449058,0.173104824302594,283.3254183196685,186.31342582460002,0.13558709973491603,0.12628522219683
VISl,409,73,VISl,409,4,312782628,VISpor,4,0.18589463641688408,0.144891402231998,342.6227241326051,155.4467124483685,1.1020378956581383,0.7368333471689195
VISl,409,73,VISl,409,4,312782644,VISpor5,4,0.1835499993667639,0.1218067929148675,326.79241612474647,130.425156585123,0.30795908394803617,0.222922881951477
VISl,409,73,VISl,409,4,393,VISpl6b,4,0.18256175122065108,0.1509147772322815,284.90195401535675,141.126678466797,0.005708107742483125,0.0058408915188694
VISl,409,73,VISl,409,4,649,VISal6b,4,0.17122218964867308,0.145114283779386,266.44006415091013,174.0495058290905,0.01818422839712554,0.0131293226420041
VISl,409,73,VISl,409,4,312782636,VISpor2/3,4,0.16313280758457807,0.133678570389748,257.3507405339403,142.98752593994152,0.3151752677403872,0.17117348138017502
VISl,409,73,VISl,409,4,402,VISal,4,0.161649445902435,0.13266414865953802,259.3097525689503,196.4944889411555,0.5875147022643225,0.38431032512746854
VISl,409,73,VISl,409,4,233,VISal5,4,0.15985137370702326,0.12422277072015,290.85022312327186,184.6514791214375,0.15415767201087133,0.09279367427496854
VISl,409,73,VISl,409,4,902,VISpl5,4,0.1596781259714284,0.10834117606282251,314.61598762312116,79.68198384349719,0.14960655452910995,0.127945283786855
VISpm,533,72,VISpm,533,1,469,VISpm6b,1,0.31644521791282404,0.309102897004577,1221.9268795790888,1182.20509628732,0.09917847049975999,0.123189005528137
VISpm,533,72,VISpm,533,1,257,VISpm6a,1,0.29443503486544215,0.28267116300554,715.0705711471106,677.116227754076,0.4769526361460033,0.590905784591603
VISpm,533,72,VISpm,533,1,565,VISpm5,1,0.20295403926475164,0.190778122213582,544.508940553301,509.35527186284,0.6018974118338812,0.856807946716722
VISpm,533,72,VISpm,533,1,533,VISpm,1,0.15473652494532306,0.1506194930782,383.84303646912093,372.091636098147,1.8160298743799081,2.48195921364387
VISpm,533,72,VISpm,533,1,1046,VISam6a,1,0.1437907399699924,0.143790738870453,147.81570669454308,147.815705670177,0.23993433446971005,0.301151696288081
VISpm,533,72,VISpm,533,1,279,RSPagl6b,1,0.1340282530990813,0.133853818150632,153.14856535594575,152.860988807705,0.05517351264821446,0.0643954288238642
VISpm,533,72,VISpm,533,1,906,RSPagl6a,1,0.13318538023932422,0.132922626403083,165.1836089461883,164.753259471011,0.6565342075083174,0.802464982592983
VISpm,533,72,VISpm,533,1,155,LD,1,0.12848084533537818,0.128480850109749,201.53786726774533,201.537863166459,1.5720795950489528,2.35780694887861
VISpm,533,72,VISpm,533,1,377,VISpl6a,1,0.11435526314979465,0.114355264711549,90.20271062197556,90.2027096552338,0.14766794399357921,0.184322512921149
VISpm,533,72,VISpm,533,1,501,VISpm4,1,0.1138509684393448,0.110309322875632,302.68542092849316,291.976439291522,0.1245077098245612,0.171588122685356
VISpm,533,72,VISpm,533,1,274,RSPd6a,1,0.11122451293913987,0.111224511815562,86.68699324291423,86.6869944382154,1.0131094658403546,1.11209890944614
VISpm,533,72,VISpm,533,1,433,VISam5,1,0.1068286686273977,0.106817044804265,120.61474904559547,120.600901876166,0.2924225753299172,0.418738919915261
VISpm,533,72,VISpm,533,1,218,LP,1,0.09538934276755484,0.0953893407063435,151.1265867318027,151.126586367283,1.3786843992036932,2.06802659880554
VISpm,533,72,VISpm,533,1,590,RSPv6a,1,0.0950480290991454,0.0950480293459854,71.655675699981,71.65567532382,0.7548226685105347,0.668401076600415
VISpm,533,72,VISpm,533,1,401,VISam4,1,0.09499108889203424,0.0949910871237856,76.39065381261331,76.3906513563582,0.0684448300957232,0.0936543554249067
VISpm,533,72,VISpm,533,1,33,VISp6a,1,0.0948618145970278,0.0948618161492859,91.8161033029874,91.8161020384786,1.222816650683144,1.68664664104083
VISpm,533,72,VISpm,533,1,330,RSPd6b,1,0.0934464597219015,0.0934464599233222,57.04668456186653,57.0466851553262,0.0348819061704558,0.0362551201902311
VISpm,533,72,VISpm,533,1,41,VISpm2/3,1,0.09328739770509499,0.0925197365733297,215.2081576110271,213.291929459973,0.3210701199777312,0.458137673229801
VISpm,533,72,VISpm,533,1,441,VISam6b,1,0.09321245859068474,0.0932124610245774,64.32815257944257,64.3281514715427,0.026509391804854066,0.0326216569138996
VISpm,533,72,VISpm,533,1,394,VISam,1,0.0908215819453807,0.0908190316392464,82.12542972673306,82.1229036697293,0.8664053959149173,1.18131926131648
VISpm,533,72,VISpm,533,1,74,VISl6a,1,0.09007843963755217,0.0900784407169534,72.7089742174113,72.7089758367428,0.2244992452445779,0.312103937563524
VISpm,533,72,VISpm,533,1,531,MPT,1,0.0895587812049799,0.0895587832282817,96.84203238710138,96.8420303888432,0.04720618279572706,0.0708092741935906
VISpm,533,72,VISpm,533,1,305,VISp6b,1,0.08608113614674846,0.0860811364041701,64.47186147098527,64.4718616880415,0.17042588389866217,0.21310023623106
VISpm,533,72,VISpm,533,1,805,VISpm1,1,0.08384678496914594,0.0838467385507368,125.39481881853224,125.394744384178,0.19242352609797023,0.281330680892248
VISpm,533,72,VISpm,533,1,312782594,VISli6a,1,0.08350067739198007,0.0835006795304833,59.62861613254776,59.628616208465,0.0797516524904785,0.111014017064959
VISpm,533,72,VISpm,533,1,774,RSPagl5,1,0.08168880726342442,0.0813264862953141,163.67288808844657,162.875382805531,0.7124537070536819,1.00445823573918
VISpm,533,72,VISpm,533,1,321,SubG,1,0.08036553818279873,0.0803655373541822,100.31572803154835,100.315729626872,0.025984325690927467,0.0389764885363912
VISpm,533,72,VISpm,533,1,601,VISal6a,1,0.0801957451714313,0.0801957446078168,53.09333518258121,53.0933357212362,0.10780502042255063,0.149872528263049
VISpm,533,72,VISpm,533,1,121,VISl6b,1,0.07907529059856046,0.0790752920153417,51.36336682624647,51.3633672710367,0.03639940443863363,0.0474518727845336
VISpm,533,72,VISpm,533,1,649,VISal6b,1,0.0738566963293181,0.0738566978776529,39.90295537506268,39.9029541073658,0.019781330163862534,0.0254823978711901
VISp,385,65,VISp,385,33,74,VISl6a,33,0.23661149566108977,0.118585877120495,883.7727470732077,87.5844419150357,0.07195031116531388,0.0580602986845499
VISp,385,65,VISp,385,33,121,VISl6b,33,0.20968746538783523,0.109223559498787,679.5188441216186,62.0328254699707,0.01187645429461784,0.0099438324777204
VISp,385,65,VISp,385,33,33,VISp6a,33,0.19091988081108305,0.141869097948074,540.5140366313573,170.02676271847,0.33628108760337183,0.282904329870489
VISp,385,65,VISp,385,33,305,VISp6b,33,0.1904354737942763,0.132301077246666,509.37092858699964,125.040756225586,0.049456269074105455,0.0457227215706597
VISp,385,65,VISp,385,33,496345672,LGd-ip,33,0.18354909008542547,0.0440720193589521,1111.5471985032107,50.2062932591433,0.031169350871061253,0.030481175244346
VISp,385,65,VISp,385,33,409,VISl,33,0.1803380764732473,0.0615662640419361,698.7698188805846,65.6561760295142,0.33365705911071086,0.255142421494948
VISp,385,65,VISp,385,33,613,VISl5,33,0.17401794967407685,0.0507217435065531,681.0314401459502,46.267650968564,0.08003292622509373,0.0612504998189335
VISp,385,65,VISp,385,33,573,VISl4,33,0.1729407135624551,0.0521511510014534,663.4344935681635,60.7065162658691,0.04667635663270748,0.0282917922093824
VISp,385,65,VISp,385,33,973,VISl2/3,33,0.1699306486402995,0.0535433728452722,667.3913780973837,47.9151306152344,0.08058080731743271,0.0546864355900692
VISp,385,65,VISp,385,33,377,VISpl6a,33,0.1652219281643085,0.0837871802321366,375.97048537919335,46.6713523864746,0.028307384411033976,0.0162948405673595
VISp,385,65,VISp,385,33,869,VISpl4,33,0.16133003072358576,0.0429341106580343,490.76414992699983,21.3689117431641,0.009102780288237092,0.0035685350443247
VISp,385,65,VISp,385,33,312782594,VISli6a,33,0.1606301712816344,0.0511856497503706,505.16287603669605,28.7637583742242,0.01936931950689275,0.0134761321327807
VISp,385,65,VISp,385,33,421,VISl1,33,0.14831923152611692,0.0321337059140205,610.0037345010879,23.8018291192872,0.04254020347554515,0.0347611091989174
VISp,385,65,VISp,385,33,312782648,VISpor6a,33,0.145488989964156,0.0534634561070513,485.5666970381143,29.2208042144775,0.0396991395045181,0.0249365020155683
VISp,385,65,VISp,385,33,393,VISpl6b,33,0.14466237369216842,0.0803659856319427,285.70666881776185,43.4995378575576,0.0019818093378474568,0.0012678334809682
VISp,385,65,VISp,385,33,496345668,LGd-co,33,0.1435811620191684,0.0489788292433133,633.6001009253598,39.3876361551985,0.11349228926317344,0.128028116696413
VISp,385,65,VISp,385,33,170,LGd,33,0.14336017512044674,0.0456407263637065,676.815763396135,48.224896289663,0.19244861673614547,0.210389154848156
VISp,385,65,VISp,385,33,312782598,VISli6b,33,0.14222458694790185,0.0639053583145142,414.8458049510002,27.4117774963379,0.0034367097934499082,0.0019717361321251
VISp,385,65,VISp,385,33,178,LGv,33,0.13953365817721977,0.0444871000945568,490.93450969485065,25.4293842315674,0.11068143193431244,0.122238685905388
VISp,385,65,VISp,385,33,385,VISp,33,0.1332694454135777,0.0865928593456033,407.59425329687076,116.300609517929,1.7055467358053742,1.6965530969903
VISp,385,65,VISp,385,33,1014,GENv,33,0.13011590984607185,0.0445952948904782,433.5348971721327,22.8715600215199,0.13621841957111405,0.147968714784961
VISp,385,65,VISp,385,33,902,VISpl5,33,0.12737661535256986,0.0532575100660324,292.53426390228253,26.8298863135082,0.049876850747490376,0.0321867280115514
VISp,385,65,VISp,385,33,425,VISpl,33,0.12620426371256266,0.0560507384616951,314.7125092035176,35.0046033211495,0.16819034666444896,0.120399879402458
VISp,385,65,VISp,385,33,601,VISal6a,33,0.12456381328697398,0.0536740329739539,332.28502943663995,29.3564224243164,0.023651164884404545,0.0210079822676943
VISp,385,65,VISp,385,33,496345664,LGd-sh,33,0.12433140769025854,0.0365132660783734,563.194148308163,47.7263707834125,0.04778697660191079,0.0455603863667069
VISp,385,65,VISp,385,33,593,VISp1,33,0.12320655703015639,0.0701209232211113,432.7063535486932,121.100227355957,0.30698487997129376,0.275149440731887
VISp,385,65,VISp,385,33,312782652,VISpor6b,33,0.12211868958184742,0.0456033198310721,332.6228817796777,20.5300331115723,0.005974524493733209,0.0031535382277929
VISp,385,65,VISp,385,33,821,VISp2/3,33,0.12117571254393887,0.0787348252566115,372.27216725217977,102.013544704629,0.45059669286209314,0.456200158968482
VISp,385,65,VISp,385,33,721,VISp4,33,0.12084635787097442,0.0754549389643863,363.6518609066013,99.6502990722656,0.2076462187833768,0.202728451048227
VISp,385,65,VISp,385,33,778,VISp5,33,0.12030667010121572,0.0728002190589905,358.9836521533328,120.952433241589,0.35458158751113306,0.319087499050693
VISam,394,63,VISam,394,3,1046,VISam6a,3,0.47002650718513056,0.462846148069353,1760.0228523556327,1534.13224806419,0.3324944592225185,0.357962518150551
VISam,394,63,VISam,394,3,433,VISam5,3,0.39424797626697244,0.35740918044726,1516.9693507993488,1203.1693578695,0.42132812948816534,0.425930310102059
VISam,394,63,VISam,394,3,441,VISam6b,3,0.36029661436574567,0.33654001442212,1067.5135835525389,1037.64051373147,0.04712310830569945,0.0518354658097227
VISam,394,63,VISam,394,3,257,VISpm6a,3,0.3489605078095593,0.319792921023455,1066.432636725518,610.501708984375,0.2911364400878028,0.30405454928678
VISam,394,63,VISam,394,3,394,VISam,3,0.3426782790923645,0.34282555480253,1214.0899166133158,926.712254950333,1.3904697028402628,1.61350742362219
VISam,394,63,VISam,394,3,312782566,VISa6a,3,0.3382911885122017,0.289848307130212,1146.0882630096235,638.492534384987,0.41987192401540324,0.516880750605093
VISam,394,63,VISam,394,3,401,VISam4,3,0.31779123571820356,0.302145514763899,1078.3600535863932,787.471824624174,0.09203283680269,0.108152646575441
VISam,394,63,VISam,394,3,1066,VISam2/3,3,0.2999817316513676,0.300627772944468,960.374245130037,632.207695572027,0.32143138611550603,0.404506627312581
VISam,394,63,VISam,394,3,469,VISpm6b,3,0.29179757127515366,0.210783213376999,668.1112324473431,294.160827636719,0.04775026658206801,0.0366158916219943
VISam,394,63,VISam,394,3,312782570,VISa6b,3,0.2760611259128767,0.244228333897922,1033.2194294012675,783.642395019531,0.061129970065380644,0.0740905472618739
VISam,394,63,VISam,394,3,312782562,VISa5,3,0.2355891504801352,0.193861866790567,813.9975731226396,514.312878542957,0.4617614852881416,0.582623552755097
VISam,394,63,VISam,394,3,565,VISpm5,3,0.23523698182180727,0.173100305524597,771.4224370329827,342.933044433594,0.3625983405847737,0.323775888128489
VISam,394,63,VISam,394,3,533,VISpm,3,0.23095876688905814,0.183101720120262,618.637255735985,317.797693591502,1.3597534547583483,1.25098880372964
VISam,394,63,VISam,394,3,281,VISam1,3,0.2305314579846505,0.22517774062508,769.7842922972071,398.956665543469,0.17605978290568405,0.233459645133023
VISam,394,63,VISam,394,3,312782546,VISa,3,0.21880599527088038,0.166080696172654,675.2727952233295,351.04431142803,1.753741018870298,2.10001677383774
VISam,394,63,VISam,394,3,601,VISal6a,3,0.2065681581552018,0.225946843291883,391.799739207719,278.927057924554,0.13570847969464236,0.173155892151995
VISam,394,63,VISam,394,3,805,VISpm1,3,0.2044169219105527,0.157408527533107,453.5051611137768,295.169586181641,0.2300126078994319,0.195500678649275
VISam,394,63,VISam,394,3,279,RSPagl6b,3,0.20019131870729645,0.192063435912132,311.53591756226865,239.880111694336,0.04035645624657773,0.037662575456568
VISam,394,63,VISam,394,3,501,VISpm4,3,0.1946038914470908,0.143360675264965,505.9884094447908,201.196990966797,0.105799275679196,0.0922888685054751
VISam,394,63,VISam,394,3,41,VISpm2/3,3,0.19214937688252226,0.146738962794468,410.7763844951222,197.327117919922,0.32245652392507523,0.27933014773417
VISam,394,63,VISam,394,3,906,RSPagl6a,3,0.18871224295499528,0.187220931053162,288.10884474308773,233.441436767578,0.4550689109636704,0.478894715111176
VISam,394,63,VISam,394,3,312782550,VISa1,3,0.18774463705873365,0.122662086979706,531.9648045674027,152.411803233162,0.24605413631540232,0.258300098807439
VISam,394,63,VISam,394,3,312782554,VISa2/3,3,0.17688166162820684,0.126395381382965,458.48926347521603,206.300597290168,0.4201838619838847,0.44523403712413
VISam,394,63,VISam,394,3,312782558,VISa4,3,0.16478920929990326,0.136908089174441,464.2673453262639,273.278694477849,0.14473964120208632,0.157218031139041
VISam,394,63,VISam,394,3,274,RSPd6a,3,0.158538116384654,0.152885690331459,222.1583386519388,164.66015625,0.6984642533313932,0.717835170394599
VISam,394,63,VISam,394,3,321,SubG,3,0.1585068461938829,0.126507356762886,430.28934720685635,135.468536376953,0.02400314904228655,0.0210843119635546
VISam,394,63,VISam,394,3,330,RSPd6b,3,0.15802436725872088,0.154622541115769,175.93463258215874,125.264072808055,0.028954346383382186,0.0239154840502631
VISam,394,63,VISam,394,3,22,PTLp,3,0.15672770037873798,0.137078770852138,421.20030406886764,224.748785607257,2.1924724396216018,2.8589231438245
VISam,394,63,VISam,394,3,33,VISp6a,3,0.15381889696311965,0.117558784782887,225.23243712769468,129.358932495117,0.9721344835203273,0.805565576078262
VISam,394,63,VISam,394,3,305,VISp6b,3,0.1467706721601204,0.142641996476266,182.02750844419938,129.812362670898,0.14273875631644364,0.152834924198926
grey,8,56,grey,8,498,609,SPA,498,0.0278276985208986,0.0019568484121444503,30.094776857069036,0.7886103093624115,0.007338027158382597,0.00099167383206035
grey,8,56,grey,8,498,74,VISl6a,498,0.027702653294738287,0.0,77.6540221420091,0.0,0.015429578747174256,0.0
grey,8,56,grey,8,498,121,VISl6b,498,0.025951683708866018,0.0,61.87165273011084,0.0,0.002842344002193919,0.0
grey,8,56,grey,8,498,549009211,MA3,498,0.025944146901074258,0.00038092033718415005,43.203565712398735,0.15431568794300898,0.0008824553630351682,2.5553308391920247e-05
grey,8,56,grey,8,498,414,SPFm,498,0.02435036017995108,0.0021595848720712,29.284294401390742,0.967674523591995,0.0034942792795476245,0.0006092669014582501
grey,8,56,grey,8,498,422,SPFp,498,0.024256679569498455,0.00091957757831545,30.627953199497014,0.31582675874233246,0.007665087051067311,0.00042711096391365
grey,8,56,grey,8,498,406,SPF,498,0.0242052614385714,0.0019427506855111,29.857749380029677,0.741926638871544,0.011159366330614961,0.0017195585404694998
grey,8,56,grey,8,498,946,PH,498,0.024150621317315588,0.0010588569617046499,34.28320299928986,0.440446530986572,0.03290155933974027,0.00285849899711315
grey,8,56,grey,8,498,560581559,Xi,498,0.023910207204819237,0.00154574279440565,28.244964430720266,0.7753008547749655,0.004303047876806312,0.00039770856232785
grey,8,56,grey,8,498,312782594,VISli6a,498,0.023882514925086452,0.0,56.005093703432536,0.0,0.0057404062932027095,0.0
grey,8,56,grey,8,498,287,BAC,497,0.02361602623485998,4.95593244930672e-06,59.170782931070946,0.0011372757144272,0.00035265808408005514,2.32800713133267e-07
grey,8,56,grey,8,498,312782648,VISpor6a,498,0.023320720459400326,4.83630232559583e-06,55.57813627452436,0.0015952574192084502,0.012673866912002148,2.12939413477133e-06
grey,8,56,grey,8,498,576073704,PeF,498,0.023279685910034074,0.00020907765342545,52.76141134589531,0.08474903181195259,0.009148451774536031,0.00015992697732229998
grey,8,56,grey,8,498,173,RCH,498,0.022810213114417624,4.061647450726015e-05,56.46445586121673,0.0073749812164967,0.005467907983524105,4.0907305771058247e-05
grey,8,56,grey,8,498,975,EW,498,0.02273126264133767,0.00103979581737515,17.76359076501908,0.36581884115288454,0.0012224297670356261,0.00011631670044395001
grey,8,56,grey,8,498,305,VISp6b,498,0.022299146129460407,3.33135799266492e-06,42.85885928044029,0.0008096644742975,0.010485233480052033,1.771862942408565e-06
grey,8,56,grey,8,498,63,PVHd,498,0.022195174791063144,0.00044027061012915,39.004457848544696,0.211727528957875,0.005130904932596975,0.000208519092141
grey,8,56,grey,8,498,312782598,VISli6b,498,0.0219979422284696,0.0,46.28134375600296,0.0,0.0011123200380937519,0.0
grey,8,56,grey,8,498,549009203,RPF,498,0.021983242337281737,0.00064605851768945,22.33715140498296,0.25409988378933546,0.003120614414341002,0.00016204377230494998
grey,8,56,grey,8,498,181,RE,498,0.021479895119859302,0.00168218309722265,27.535178410509513,0.8102233573593356,0.0191540935844308,0.00238625770614265
grey,8,56,grey,8,498,33,VISp6a,498,0.02129395958272569,5.169092300540735e-06,46.34135711594101,0.0017647351940945498,0.06422143634657165,1.32887637068112e-05
grey,8,56,grey,8,498,1077,PR,498,0.021220902831651713,0.00112360633222045,29.833734935494327,0.5657892071245185,0.006793465544360595,0.00056792971875515
grey,8,56,grey,8,498,544,CEAc,498,0.021189793041366263,0.00015317304496415002,44.06858212429364,0.07551435033673065,0.01359501477808899,0.00015228435158244998
grey,8,56,grey,8,498,525,SUM,498,0.021161267594313804,0.0005436287048512,33.44324179976329,0.181126445531845,0.010337415122266876,0.0007435670005443999
grey,8,56,grey,8,498,601,VISal6a,498,0.021102642423664116,0.0,37.82472383576042,0.0,0.007613006398423286,0.0
grey,8,56,grey,8,498,559,CEAm,498,0.020871143131724803,0.00020938942907375,42.82803592224418,0.09680814668536189,0.02843705777679034,0.0006364020553675501
grey,8,56,grey,8,498,54,mfb,498,0.0208071263176243,0.00045922582955914995,24.98033406738631,0.1468206450729245,0.0021133761366276486,8.60166915986739e-05
grey,8,56,grey,8,498,312782652,VISpor6b,498,0.020790861991243786,2.8623957058987753e-09,44.8497600635089,5.850925219874625e-07,0.0021139448417576623,3.62860479701673e-10
grey,8,56,grey,8,498,523,MPO,497,0.02064465644609901,6.42628510831855e-05,41.30391435441992,0.0292130503803492,0.017439068364495856,0.0001545344055476
grey,8,56,grey,8,498,364,PSTN,498,0.020639225437180442,0.00043765429203165005,26.86800546721442,0.196145661175251,0.006441340761255597,0.00031227672984600005
VISal,402,46,VISal,402,1,249,AUDpo6a,1,0.5298011749225057,0.517739504348396,990.1226317974683,958.16176441096,0.25136597767643315,0.290334643236422
VISal,402,46,VISal,402,1,643,AUDpo2/3,1,0.4445763269336844,0.442577448270269,1028.7940165877792,1022.05430623306,0.4162963794063799,0.499857455742119
VISal,402,46,VISal,402,1,696,AUDpo1,1,0.442206816856499,0.442206820799218,1273.5652315447048,1273.56523198763,0.32250685874961,0.386138295478792
VISal,402,46,VISal,402,1,1027,AUDpo,1,0.43648609734463806,0.426748539446936,991.1082659269968,959.679247410604,1.6057726502635,1.91638612592873
VISal,402,46,VISal,402,1,456,AUDpo6b,1,0.4182650701664146,0.414290668506103,583.4739158090948,575.955614309611,0.0462304873081666,0.0555887352131702
VISal,402,46,VISal,402,1,791,AUDpo5,1,0.41412226078427,0.389845750257855,964.9130859688543,890.086929415352,0.40764603632087065,0.498045997190025
VISal,402,46,VISal,402,1,601,VISal6a,1,0.3756490649043183,0.366772257166702,670.9199848127528,649.981893525175,0.25223042303659327,0.313943534766373
VISal,402,46,VISal,402,1,759,AUDpo4,1,0.36900577917235894,0.359296350912387,601.8671066473247,579.190972957111,0.16172691080203724,0.186420999068197
VISal,402,46,VISal,402,1,156,AUDd6a,1,0.36782254240736134,0.36151273434832,535.5763811740053,522.788225553266,0.41186556030218063,0.460988415224927
VISal,402,46,VISal,402,1,527,AUDd1,1,0.338829265402745,0.338829268118711,516.0527845393983,516.052778056671,0.43177555391357997,0.489034137591124
VISal,402,46,VISal,402,1,649,VISal6b,1,0.3354228523762357,0.332314442810813,490.44588688886535,483.952101584565,0.04680186252880556,0.0562164128932129
VISal,402,46,VISal,402,1,1011,AUDd,1,0.31758476176932,0.313972274440262,482.29621348934205,474.741855949563,2.3980551124304665,2.80073422930699
VISal,402,46,VISal,402,1,243,AUDd6b,1,0.31716089490970967,0.312486038920909,405.8326869438756,397.184240946373,0.0592315077523444,0.067512443027267
VISal,402,46,VISal,402,1,1074,VISal1,1,0.31359369627017974,0.308892632167912,583.5242040047078,572.322539534873,0.22860729319390002,0.292492524252188
VISal,402,46,VISal,402,1,252,AUDd5,1,0.3103637939957147,0.300909756501724,536.0255195782087,515.32173695728,0.627011557120409,0.776068296787377
VISal,402,46,VISal,402,1,600,AUDd2/3,1,0.3078355884833363,0.307723506177433,438.48109483436633,438.254930010912,0.6512869023616586,0.748578170642963
VISal,402,46,VISal,402,1,233,VISal5,1,0.29180420605365626,0.277841125965839,626.7274458027267,593.082380895734,0.3373892178387439,0.464551056805171
VISal,402,46,VISal,402,1,402,VISal,1,0.28660121367447927,0.279131566779756,512.0380228430395,495.727745230977,1.303468931669893,1.69756804128764
VISal,402,46,VISal,402,1,735,AUDp1,1,0.27896882756235636,0.278968830814434,338.36627219976873,338.366265024599,0.6770315695672876,0.830962774028532
VISal,402,46,VISal,402,1,954,AUDp6a,1,0.268158507834186,0.26815851029846,293.75212199538987,293.752131672205,0.5167241753993,0.607319352165438
VISal,402,46,VISal,402,1,678,AUDd4,1,0.26287739367291135,0.259910624951267,360.19290276376665,354.886180520304,0.2168840309802926,0.25855276603333
VISal,402,46,VISal,402,1,905,VISal2/3,1,0.2505215337302359,0.245655053980968,381.51033694978423,372.361531479236,0.30482985684922753,0.391122869891611
VISal,402,46,VISal,402,1,1114,VISal4,1,0.21187744759900118,0.206861066770039,308.6153943416952,300.268178188049,0.13361027822262458,0.179241642679088
VISal,402,46,VISal,402,1,247,AUD,1,0.20632586964211783,0.205317957731027,294.3115551692688,292.418089635845,7.612425662725387,9.3209548641326
VISal,402,46,VISal,402,1,251,AUDp2/3,1,0.1977347283204158,0.197734731775451,213.24986651940876,213.249862772338,0.6042993772684346,0.786983559921569
VISal,402,46,VISal,402,1,1002,AUDp,1,0.19337333991108885,0.193373339911089,216.45534805625903,216.455348056259,2.689478360968875,3.41500003897549
VISal,402,46,VISal,402,1,1005,AUDp6b,1,0.18910183437576333,0.189101835426999,148.7322117378133,148.732211080139,0.06761334628223063,0.0726157509457796
VISal,402,46,VISal,402,1,312782578,VISli1,1,0.1759644338549834,0.175964434165258,192.05453650862458,192.05453207226,0.08444688096278051,0.110282700336465
VISal,402,46,VISal,402,1,1066,VISam2/3,1,0.17048964472411587,0.17048964118357,135.8238559240466,135.82385506462,0.2283512912072121,0.254673861324588
VISal,402,46,VISal,402,1,312782594,VISli6a,1,0.16604238760974113,0.166042387858215,142.9920841785776,142.992083529385,0.08526462933133795,0.0991163790741771
NOT,628,27,NOT,628,1,842,SCsg,1,0.20824948679413266,0.208249486416753,303.345184036668,303.34518345766,1.308595614051574,1.25335365004367
NOT,628,27,NOT,628,1,628,NOT,1,0.20111867951395576,0.171779756755902,421.4209587049902,332.794301591045,0.14485181041827858,0.148636539990988
NOT,628,27,NOT,628,1,302,SCs,1,0.1838664043640763,0.18386629618088,258.13471239037,258.134423389244,2.1612231783711064,2.13431141526905
NOT,628,27,NOT,628,1,1061,PPT,1,0.17694645600461048,0.150096706358882,398.5858480687153,321.38622157431,0.09176276141593039,0.106793714934564
NOT,628,27,NOT,628,1,834,SCzo,1,0.166662617962723,0.166662616852418,202.71923928814468,202.719241301934,0.328167011950706,0.326180699976376
NOT,628,27,NOT,628,1,851,SCop,1,0.14978285043320524,0.149782468643232,208.16232529240867,208.161414353789,0.524460552368828,0.55477706524901
NOT,628,27,NOT,628,1,706,OP,1,0.1460349193703051,0.12600560307232,269.7884062533163,223.259221674377,0.031590819242332834,0.0373740228379059
NOT,628,27,NOT,628,1,531,MPT,1,0.11195279800456853,0.110616707796219,174.83193069005787,172.615110078596,0.0258937906497978,0.0369650963836459
NOT,628,27,NOT,628,1,58,MT,1,0.11170736142690618,0.111707361450661,134.08830900503963,134.088310346418,0.0264003408229042,0.0290256338815889
NOT,628,27,NOT,628,1,634,NPC,1,0.08982473588023676,0.0898247354040774,77.98833451921773,77.9883342461298,0.14184529448479463,0.136539746355378
NOT,628,27,NOT,628,1,321,SubG,1,0.0772365892690759,0.0772365875357758,105.64000822238222,105.640008811119,0.011308046471297949,0.0169337323192825
NOT,628,27,NOT,628,1,1100,PRT,1,0.07687111160706034,0.0752843058535889,119.85106660623262,116.580479407232,0.8137913489291586,0.974065732484903
NOT,628,27,NOT,628,1,10,SCig,1,0.07235011047225803,0.0723094481558091,110.05358088509139,109.967133417603,0.8018083373991667,0.923426121571316
NOT,628,27,NOT,628,1,218,LP,1,0.06897001318596577,0.0689700155321586,73.43452297103673,73.4345227018677,0.45138616809457394,0.629492188225374
NOT,628,27,NOT,628,1,75,DT,1,0.0651988969068679,0.0651988978150347,31.105044388847002,31.1050444366826,0.0040698658291476,0.0043905049146105
NOT,628,27,NOT,628,1,606826659,MMd,1,0.06042285621730317,0.0604228559305617,52.18782555680547,52.187824357184,0.025313303511332333,0.0222279549431862
NOT,628,27,NOT,628,1,339,MBsen,1,0.05858259857091384,0.0585825874839032,81.83404115960613,81.8340122342213,2.189535961340033,2.17411347554825
NOT,628,27,NOT,628,1,215,APN,1,0.05378403703592677,0.0537712239540356,80.67313197195979,80.6509314459692,0.3738273681508866,0.502059828958792
NOT,628,27,NOT,628,1,563807439,IntG,1,0.04998059101184277,0.0499805910493827,28.136554232317177,28.1365538271605,0.00612974494868659,0.0091020975629262
NOT,628,27,NOT,628,1,294,SCm,1,0.04085956017763443,0.0408500096120309,54.5828040867055,54.5669753909604,1.257871344605753,1.51757661409863
NOT,628,27,NOT,628,1,574,TRN,1,0.038462343303920336,0.0384623442173673,55.37453406311746,55.3745351585055,0.14458785192502868,0.216543041592006
NOT,628,27,NOT,628,1,916,bsc,1,0.0369105997309097,0.0369106000661876,25.486727996310503,25.4867285598544,0.040394422357325634,0.0530868172115563
NOT,628,27,NOT,628,1,436,fx,1,0.035392394020996594,0.035392392989476,13.757747922629425,13.7577476778338,0.05201364567152833,0.0776229858834863
NOT,628,27,NOT,628,1,737,fxpo,1,0.034610863585967135,0.0346108635859672,13.467666404992315,13.4676664049923,0.05243659392112247,0.0782574082578775
NOT,628,27,NOT,628,1,155,LD,1,0.03446068920427863,0.0344606901961358,40.30577622231118,40.3057753555856,0.1909338850835706,0.284525363515758
NOT,628,27,NOT,628,1,138,LAT,1,0.0341387177207616,0.0341387177207616,34.559824740379305,34.5598247403793,0.5722779524206526,0.805141242137277
NOT,628,27,NOT,628,1,66,LT,1,0.033981338959154665,0.0339813394266135,15.89669904018058,15.8966990978901,0.003312559235864733,0.0047779209520793
NOT,628,27,NOT,628,1,1029,POL,1,0.03266013252097386,0.0326601325491971,30.626652368390324,30.6266529812925,0.03658197217147383,0.0518813458486532
NOT,628,27,NOT,628,1,496345664,LGd-sh,1,0.0306771041684134,0.0306771037676284,19.91709055897674,19.9170906066024,0.0346641484663431,0.0467981773510101
NOT,628,27,NOT,628,1,17,SCiw,1,0.028554272661586833,0.0285539221315987,31.164531470185974,31.1641161467029,0.32525136654380676,0.406833900565043
DG,726,19,DG,726,9,10703,DG-mo,9,0.17484830784338462,0.155413866043091,396.30751869527506,279.272705078125,6.445467821203009,5.47686383251856
DG,726,19,DG,726,9,726,DG,9,0.1612457477614141,0.146015788513109,351.5402724342758,255.89355600746,8.946267220213192,6.94576221828976
DG,726,19,DG,726,9,10704,DG-po,9,0.14233617803298435,0.118300449343133,269.1641135796389,215.720501669143,0.8308617570120413,0.618150686631386
DG,726,19,DG,726,9,632,DG-sg,9,0.13210079783656023,0.103695802390575,263.85475709126916,161.83674621582,1.6699376419981489,1.24334764421507
DG,726,19,DG,726,9,1080,HIP,9,0.07106486737461731,0.0618123974345799,132.15149568207815,84.2583174964422,13.358403413477083,11.4255030957078
DG,726,19,DG,726,9,338,SFO,9,0.06957815962437452,0.0181888826191425,114.31850826933321,12.2043886184692,0.010622462981897385,0.0045649786067729
DG,726,19,DG,726,9,463,CA3,9,0.05047032340814231,0.0288444440811872,93.39662730977285,59.165374559207,2.4024915025731466,1.88631471689118
DG,726,19,DG,726,9,423,CA2,9,0.04704526833785066,0.0229572132229805,73.46082214900164,31.9717426300049,0.16534493598105426,0.158881295973241
DG,726,19,DG,726,9,449,vhc,9,0.045843458033584555,0.0345996244006896,23.100145446925485,13.5818929672241,0.022660113899563697,0.0191340864309575
DG,726,19,DG,726,9,1089,HPF,9,0.040964778152702996,0.0356740352867063,74.45459344210482,47.1397323608398,13.871871838758068,11.5377724451095
DG,726,19,DG,726,9,375,CA,9,0.037068728329532334,0.0158775532732454,49.09658592290325,29.9021096295913,4.396609372632032,3.51390183441524
DG,726,19,DG,726,9,250,LSc,9,0.0290497151056552,0.0072017340795137,8.41322745079332,1.78679978847504,0.09908770822354877,0.0280971021432436
DG,726,19,DG,726,9,382,CA1,9,0.028400187145012093,0.007809167727828,20.842640134546773,7.51049191299962,1.8287729340778318,0.797411415883025
DG,726,19,DG,726,9,564,MS,9,0.02255377881700171,0.0114190757984987,5.531778312046675,3.78189353065105,0.07093401006268675,0.0379158840171212
DG,726,19,DG,726,9,904,MSC,9,0.019295472299692064,0.0136227284622172,5.054590595964497,3.1041925820111,0.17060139889496767,0.109096621166623
DG,726,19,DG,726,9,826,PALm,9,0.018557530935427273,0.0141539966663858,5.00597961194364,3.27070118934327,0.2132602089739819,0.134353167400133
DG,726,19,DG,726,9,596,NDB,9,0.017467271039471398,0.0145576829090714,4.786845642439793,2.72394177425453,0.09966738883228089,0.0598120837446047
DG,726,19,DG,726,9,581,TRS,9,0.01616215065977576,0.0126238176599145,4.848186851827165,2.74137854576111,0.04265881007901425,0.0286523055353083
DG,726,19,DG,726,9,310,SF,9,0.01607900272012325,0.0086185140535235,4.206410289561724,2.35605692863464,0.05727272192007752,0.0368821496056753
DG,726,19,DG,726,9,129,V3,9,0.014210172937492285,0.0108319008722901,27.386336018911738,20.1494636535645,0.11613576713931045,0.101706228601389
DG,726,19,DG,726,9,603,fi,9,0.012926375815028745,0.0063767274841666,6.420677372528007,4.5779709815979,0.15550997555362686,0.109946216265898
DG,726,19,DG,726,9,466,alv,9,0.012784137384270512,0.0121026979759336,14.920760297304707,9.61986560106666,0.14072444144646412,0.122544614608561
DG,726,19,DG,726,9,484682470,ProS,9,0.011722831380759854,0.0032675633256353,12.249576006237554,0.96544885635376,0.12266174631102403,0.0243724162853452
DG,726,19,DG,726,9,275,LSX,9,0.010329219624404088,0.0061229698184957,2.7394832265621,1.44923548523547,0.24304841784522874,0.123086373092634
DG,726,19,DG,726,9,1099,fxs,9,0.010010739097048204,0.0079536677906666,7.6420469268043965,5.94570464345648,0.3350141041191403,0.287174865653486
DG,726,19,DG,726,9,64,AD,9,0.009676519840034061,0.0010095367906615,21.014758982249788,0.48300114274025,0.010751372131821547,0.0012022367869735
DG,726,19,DG,726,9,242,LS,9,0.00955251285981159,0.0047983254765904,2.5424794612654305,1.3049848617466,0.18558814197900475,0.0854572056950118
DG,726,19,DG,726,9,695,CTXpl,9,0.008410530597534877,0.0072924435676754,15.129754640067963,9.72212588673917,14.392443600179645,11.5996214835842
DG,726,19,DG,726,9,688,CTX,9,0.008072556098909923,0.0069956203478891,14.51464005945563,9.32287633642398,14.406207584095656,11.5997853398207
DG,726,19,DG,726,9,982,FC,9,0.00804709161956184,0.0004042097716592,8.96075096754234,0.114996030926704,0.0034109212907616616,0.0007032601721102
SCig,10,10,SCm,294,5,271,SAG,5,0.22765603960431777,0.220336245063426,639.3353549334244,584.000212196309,0.043718112114572556,0.0484407849894206
SCig,10,10,SCm,294,5,75,DT,5,0.15025113228192225,0.106982290744781,340.0637956522913,114.277305080141,0.004001660896981493,0.0024325663524403
SCig,10,10,SCm,294,5,874,PBG,5,0.1459824716956418,0.098806194961071,448.4944209801297,82.7915725708008,0.014462484769955746,0.007965458387912
SCig,10,10,SCm,294,5,26,SCdg,5,0.12756791897245062,0.108699045993918,289.3327869618661,202.73943188134,0.29968217270480235,0.266996948977911
SCig,10,10,SCm,294,5,1060,dtd,5,0.12342408754267242,0.0884254699775533,196.98867157751724,93.8818124098124,0.0017355653081177632,0.0009871256666706
SCig,10,10,SCm,294,5,580,NB,5,0.12186629061745315,0.0825590258582402,332.6905996877928,89.3370236987526,0.02390636619705278,0.0119637488307191
SCig,10,10,SCm,294,5,294,SCm,5,0.11610420003966843,0.120189245926371,292.5005245291329,238.937028158978,1.2766677103561015,1.06825852186225
SCig,10,10,SCm,294,5,17,SCiw,5,0.11566769183209599,0.118377225428401,302.8087799117515,281.009490966797,0.46373670815256296,0.428813918210887
SCig,10,10,SCm,294,5,10,SCig,5,0.11273033078419649,0.113960347798608,310.03162338969895,216.219177246094,0.44783855137571305,0.388750428823774
SCig,10,10,SCm,294,5,1044,PP,5,0.11233217992515904,0.0916840493570733,233.7695317329698,84.1166458129883,0.015151596394607614,0.0089606474287284
SCig,10,10,SCm,294,5,349,sup,5,0.10855911727359455,0.0788407176733017,286.76709816926854,59.9049963596328,0.006313403281843261,0.0030753010005229
SCig,10,10,SCm,294,5,66,LT,5,0.10851527517665775,0.0914346195544124,207.5205318687851,90.1095733642578,0.00415614425882176,0.0028502941933408
SCig,10,10,SCm,294,5,42,SCdw,5,0.10804879078173278,0.087421178817749,165.45149773094099,86.2753219604492,0.06541027812302344,0.0547174983443419
SCig,10,10,SCm,294,5,560581563,PIL,5,0.10125511683607864,0.105091015855303,110.19459931514265,89.7027727296881,0.0372435154429827,0.0343028870226611
SCig,10,10,SCm,294,5,1061,PPT,5,0.09739369212233324,0.0597906650133873,251.35962751625823,63.7481283036817,0.031482611790853356,0.0176949667996523
SCig,10,10,SCm,294,5,422,SPFp,5,0.09693076379218037,0.0731902060160822,117.63170279658651,59.6238141686061,0.027607756617544006,0.0271916116767165
SCig,10,10,SCm,294,5,336,csc,5,0.09286006926561786,0.0926395133137703,61.998414616778454,54.4091987609863,0.00515481878775724,0.0048313736412825
SCig,10,10,SCm,294,5,628,NOT,5,0.08799426340981946,0.0476972386240959,251.1613712880929,30.7771492004395,0.04372910137232447,0.0181975181818972
SCig,10,10,SCm,294,5,616,CUN,5,0.08780298366955419,0.0642256960272789,99.41541614416613,29.8561782836914,0.08392061448549197,0.0499390744912874
SCig,10,10,SCm,294,5,549009211,MA3,5,0.08711297043317301,0.0436484158463765,161.33858987771248,22.6825765604196,0.0030020964155376747,0.0009194798102755
SCig,10,10,SCm,294,5,1029,POL,5,0.08473823989623706,0.0955906560185424,108.24354441942076,82.5830993652344,0.036990708303362756,0.0428605794316997
SCig,10,10,SCm,294,5,406,SPF,5,0.08462224938452877,0.0763994507848003,93.42628185381764,53.510108578763,0.03603720822048254,0.0381642430067995
SCig,10,10,SCm,294,5,614454277,Su3,5,0.0774809236104823,0.0993442386388779,58.824485495054866,59.800756501182,0.0061860544787486664,0.0045154148187623
SCig,10,10,SCm,294,5,325,SGN,5,0.07746986034875694,0.0685382000493849,123.90659387276088,42.9969119941426,0.029907983819391658,0.0191157120613971
SCig,10,10,SCm,294,5,218,LP,5,0.07699319371859431,0.0503192761081577,255.78242871929103,40.59814453125,0.21278664531355937,0.0864945000511216
SCig,10,10,SCm,294,5,128,MRN,5,0.07492084366051692,0.0728199705481529,96.3162102444927,61.8497141898426,0.7689730444166547,0.713779374005067
SCig,10,10,SCm,294,5,323,MBmot,5,0.07360545304520513,0.0643527507573869,127.76692727231736,135.598849546484,3.070405732609021,3.69971566517989
SCig,10,10,SCm,294,5,1052,PPN,5,0.07269215594688459,0.0577660463750362,69.02143999472395,35.6849136352539,0.114161361109292,0.117299590572919
SCig,10,10,SCm,294,5,851,SCop,5,0.07124344984880038,0.0430644957842296,244.10542740974913,48.8768615722656,0.09641963921610301,0.0343386465962911
SCig,10,10,SCm,294,5,549009203,RPF,5,0.06994117088858194,0.0617788034483621,73.58607967542268,52.7290536038548,0.00849132851891754,0.0078592760568088
HPF,1089,9,HPF,1089,53,484682470,ProS,53,0.06846349975836734,0.0215544253587723,229.87117594802282,30.5662517547607,0.35626404317408494,0.145730946291387
HPF,1089,9,HPF,1089,53,423,CA2,53,0.06566946355544857,0.0234980341047049,226.00269743793532,41.8855247497559,0.16685809852504258,0.0574541382007774
HPF,1089,9,HPF,1089,53,382,CA1,53,0.06366751892157865,0.0240952800959349,218.2938135760319,38.1956527369751,3.2994628589757156,1.4824060998121
HPF,1089,9,HPF,1089,53,375,CA,53,0.061026566972594294,0.0271940392411584,212.8141207856322,52.5338816740916,5.362946778642498,2.42875659888966
HPF,1089,9,HPF,1089,53,449,vhc,53,0.060692257103345346,0.0212750807404518,199.90983865465049,12.6532775579734,0.023187338841909707,0.0057152334669416
HPF,1089,9,HPF,1089,53,250,LSc,53,0.06018400634495954,0.0023154318332672,201.28664470940097,1.27254831790924,0.22501982528216222,0.0054734282564645
HPF,1089,9,HPF,1089,53,335,PERI6a,53,0.05950846113115944,0.0001400963392035,169.03164164265687,0.0373063585721767,0.01038742720337003,4.73032226490512e-05
HPF,1089,9,HPF,1089,53,10703,DG-mo,53,0.058204451099243285,0.0102939372882247,165.8847803588369,23.1712131500244,1.4555621675737005,0.274895787102765
HPF,1089,9,HPF,1089,53,1080,HIP,53,0.05806594149862102,0.03388655034954,191.6843328477406,69.9036299270399,7.399179303860126,3.56733170129482
HPF,1089,9,HPF,1089,53,368,PERI6b,53,0.05709594268370492,0.0003608502156566,174.95999436880047,0.129101157188416,0.0025158206660730567,2.81266367675399e-05
HPF,1089,9,HPF,1089,53,463,CA3,53,0.05658249161844389,0.015742813932305,203.5785620085391,25.751594543457,1.8966258211417382,0.416076542142921
HPF,1089,9,HPF,1089,53,502,SUB,53,0.05461119307952048,0.0124318404123187,192.9002037001676,15.3133554458618,0.4463969506473101,0.145381030455571
HPF,1089,9,HPF,1089,53,28,ENTl6a,53,0.053498058422995355,0.0031615193001925,147.43032925633003,0.937369592173489,0.18279073369881166,0.0153241530872979
HPF,1089,9,HPF,1089,53,606826655,MMp,53,0.052954093692333656,0.0002472013293299,217.76984472014934,0.0651972144842148,0.0077436290522515305,5.23799168284189e-05
HPF,1089,9,HPF,1089,53,726,DG,53,0.052169675069276514,0.011565817053995,143.7784661830172,20.254734914884,2.0245311663895382,0.412555275957563
HPF,1089,9,HPF,1089,53,743,ENTm6,53,0.05183430557343981,0.0082224509943705,140.3492266412379,3.37315344810486,0.11035201038339383,0.0388012831210262
HPF,1089,9,HPF,1089,53,1089,HPF,53,0.05168710854128488,0.0361777320504189,167.08361131803701,78.0136871337891,10.273073333785415,7.31885329328413
HPF,1089,9,HPF,1089,53,20,ENTl2,53,0.0504078907166767,0.0016081284265965,153.61673268082737,0.667595480917113,0.2458070446844193,0.0135966167445906
HPF,1089,9,HPF,1089,53,428,mct,53,0.049893432205849825,0.0014500007685365,266.4483222194058,0.524710205611633,0.001475636571732169,5.55657950562258e-05
HPF,1089,9,HPF,1089,53,52,ENTl3,53,0.049367211645568745,0.0009258313806749,142.6430276247866,0.346231728792191,0.19035749246051145,0.0091515223235301
HPF,1089,9,HPF,1089,53,918,ENTl,53,0.049063497612877975,0.0020835714819116,143.06575821767967,0.883065243979437,0.9499175314095486,0.0789061116822846
HPF,1089,9,HPF,1089,53,10704,DG-po,53,0.04766821291212943,0.0011560781858861,110.49068867625803,1.02956187725067,0.20313985931461562,0.0044442514171545
HPF,1089,9,HPF,1089,53,581,TRS,53,0.04757893311080231,0.0243332181125879,169.75846180743113,16.9794792931973,0.07189988976604222,0.0404106609893621
HPF,1089,9,HPF,1089,53,692,PERI5,53,0.04702201078088527,0.0001156276397086,142.289061904717,0.0416709445416927,0.02434967809887179,0.0001105358422982
HPF,1089,9,HPF,1089,53,737,fxpo,53,0.04678217197326292,0.0033969209286813,177.06058382580278,1.20313483747191,0.05315431418124066,0.0047957225490017
HPF,1089,9,HPF,1089,53,436,fx,53,0.046686047699540746,0.0033959709107875,174.2988997195674,1.19636797904968,0.05167867760950848,0.0047380802742996
HPF,1089,9,HPF,1089,53,1121,ENTl1,53,0.04633042345228209,0.0012512288316544,149.65403162330333,0.578827754885702,0.13525944049806196,0.0094370450234617
HPF,1089,9,HPF,1089,53,139,ENTl5,53,0.04611237660904365,0.0006122675258666,123.8375879689092,0.226808309555054,0.19570282006774437,0.0063534860443767
HPF,1089,9,HPF,1089,53,922,PERI,53,0.04548861685876437,0.0001796762732067,127.4939576823715,0.0813662335159765,0.10925950943073637,0.0022117082799552
HPF,1089,9,HPF,1089,53,310,SF,53,0.045101356796090813,0.0227900464087725,148.70276030488793,14.8757257461548,0.09680131864965487,0.0590043198288966
APN,215,8,APN,215,4,75,DT,4,0.12035645354460446,0.0245685731060803,259.9840442158223,11.524342536926259,0.001227877454232688,0.0005564457224092501
APN,215,8,APN,215,4,804,FF,4,0.11897190885699793,0.08814546828243161,254.53185514548247,95.0267246583241,0.09917541941138487,0.0952557416282226
APN,215,8,APN,215,4,215,APN,4,0.11868691901356367,0.08142096565008686,285.63263805055266,138.45182471306416,0.406078239124884,0.4774694202332135
APN,215,8,APN,215,4,1029,POL,4,0.1049571540265723,0.03445352617606485,236.28129805496678,25.29620538385435,0.041506453867346194,0.0349402691395781
APN,215,8,APN,215,4,422,SPFp,4,0.10423960370854608,0.08298173003729885,193.08813874567207,115.74270160169884,0.04414034104287782,0.0523639292485446
APN,215,8,APN,215,4,1100,PRT,4,0.09815967137831967,0.0610729731400175,202.4458877261976,89.28291312530474,0.5562473816562107,0.6496555265318169
APN,215,8,APN,215,4,214,RN,4,0.09165944762484024,0.07362122600711825,234.6588818042189,81.34988699609475,0.2705024244237887,0.226105425625113
APN,215,8,APN,215,4,797,ZI,4,0.08931182580475479,0.07491126885242455,216.00655530851796,122.6856815431243,0.5200123130834156,0.5533123365542916
APN,215,8,APN,215,4,634,NPC,4,0.08844235118423475,0.072537936270237,92.08254117876415,59.42661666870115,0.07738040573600836,0.07165006247112685
APN,215,8,APN,215,4,563807435,PoT,4,0.08711416890024598,0.03907656521487445,173.81005276141494,25.0530603927124,0.06352052969640823,0.061960560208975404
APN,215,8,APN,215,4,406,SPF,4,0.08275887464804578,0.057989396967236,140.04055762067674,77.49860610617316,0.05068250721033629,0.058498015831360654
APN,215,8,APN,215,4,1061,PPT,4,0.0819970156091247,0.033416907303035245,134.09628561080038,27.703508377075202,0.026652809519446482,0.0139907831918798
APN,215,8,APN,215,4,560581551,Eth,4,0.08135209127815916,0.0693116484341826,120.45021820377247,66.61671422968215,0.06157485637975948,0.07462997341800146
APN,215,8,APN,215,4,10,SCig,4,0.07988998277629532,0.059927979484200505,134.7126202029181,62.681776209243,0.40577666093106307,0.36227157202336546
APN,215,8,APN,215,4,325,SGN,4,0.07795280490330134,0.008630482445498949,211.4525186437769,4.2958555064972845,0.019270617572646507,0.00636889951632765
APN,215,8,APN,215,4,791,AUDpo5,4,0.06687917500379015,0.0,177.82366053095848,0.0,0.024268738264991888,0.0
APN,215,8,APN,215,4,549009203,RPF,4,0.06611098097844055,0.0629115497232928,66.8980356547697,52.98543965213625,0.013693242843322585,0.016029524053725548
APN,215,8,APN,215,4,759,AUDpo4,4,0.06467080765619816,0.0,198.27298041804485,0.0,0.0096014975020037,0.0
APN,215,8,APN,215,4,234,TEa4,4,0.06452324979077141,0.0,207.0683595192976,0.0,0.040387452199167166,0.0
APN,215,8,APN,215,4,560581563,PIL,4,0.0607836184937127,0.01396955084055665,111.79870687879365,6.883294343948365,0.02318620208787883,0.007631812927431999
APN,215,8,APN,215,4,628,NOT,4,0.05959908828669567,0.01340145897120235,87.87625010200263,9.534973144531236,0.023967162613094523,0.00654812458632705
APN,215,8,APN,215,4,294,SCm,4,0.05851689286833003,0.037457764861348455,82.05138678010509,39.01678677809065,0.8545425489657502,0.712710194210084
APN,215,8,APN,215,4,321,SubG,4,0.0583999035238057,0.0062490906566381,134.60873142404503,2.9001966714859,0.003683235513681049,0.00071099025582215
APN,215,8,APN,215,4,851,SCop,4,0.05672114430558262,0.025741587218362852,57.85896780887149,17.418226927518845,0.08202577906880404,0.0254267042564893
APN,215,8,APN,215,4,1088,MGm,4,0.0538886049762716,0.01534886891506655,117.39722316412582,6.3725493268397555,0.0328814036400956,0.0243110175238168
APN,215,8,APN,215,4,17,SCiw,4,0.05258069260319267,0.031698735942668296,65.51097521021879,34.17957487605785,0.31026351849750694,0.3594041414508985
APN,215,8,APN,215,4,66,LT,4,0.052535523954282105,0.0187744977651181,61.368775011124605,9.803693467272,0.0023456470527889236,0.00132094919397365
APN,215,8,APN,215,4,246,RR,4,0.05228140017589094,0.049980022211965694,71.13611084498363,40.0745233382945,0.024748482307326264,0.031625138113673554
APN,215,8,APN,215,4,158,pc,4,0.050788070253941386,0.04183914326131345,28.59493741218594,25.048414707183852,0.00861895420792425,0.0079456875739639
APN,215,8,APN,215,4,574,TRN,4,0.05033726452994086,0.0391022522457434,95.69516502264725,49.839030722728445,0.11192181199510383,0.11080159537770351
MB,313,4,MB,313,51,336,csc,51,0.08525192243583386,0.0823106169700623,71.84683248659289,34.3300784941867,0.005435933260293425,0.0038581999368211
MB,313,4,MB,313,51,271,SAG,51,0.08345611559885958,0.010601282119751,159.0694621739121,4.45183515548706,0.014644010958873953,0.0020605280456099
MB,313,4,MB,313,51,26,SCdg,51,0.07730948854504621,0.0333495773375034,113.29156681450876,17.542459487915,0.1928600175290234,0.0893669606833953
MB,313,4,MB,313,51,17,SCiw,51,0.07452221801283393,0.0424999669194221,123.20146020600879,25.2913093566895,0.3372720511516339,0.235879651378744
MB,313,4,MB,313,51,549009211,MA3,51,0.07262072896991806,0.0426484292206733,88.72450813919355,19.8061584242125,0.00245589116566271,0.0010583549062236
MB,313,4,MB,313,51,614454277,Su3,51,0.07223166622462554,0.062160735228544,54.21913492475394,25.4349060058594,0.007375080674176047,0.0045154148187623
MB,313,4,MB,313,51,42,SCdw,51,0.07191700866286876,0.0340700082389055,82.11032435852282,15.8022985458374,0.04867416043840245,0.0305798601846548
MB,313,4,MB,313,51,634,NPC,51,0.07188745880526687,0.0488617867231369,94.81051240211153,20.5581741333008,0.04686184513209032,0.0312732687357376
MB,313,4,MB,313,51,294,SCm,51,0.07057018154997013,0.0401158209643111,108.90757078136862,22.2174090512235,0.8662432343206007,0.492765089756992
MB,313,4,MB,313,51,580,NB,51,0.06954638413377237,0.0052211282822739,145.05203224925873,1.36326885223389,0.014167126505712564,0.0009141160135614
MB,313,4,MB,313,51,422,SPFp,51,0.0675599179662127,0.0320887942763794,86.93210731439974,12.2824015245474,0.019644720002212096,0.0095268577489703
MB,313,4,MB,313,51,616,CUN,51,0.06332074574952035,0.0109989061689881,71.08205093588145,3.87486863136292,0.06755361780407636,0.0190829962334733
MB,313,4,MB,313,51,406,SPF,51,0.06295277484532068,0.0388814536393832,71.06490856718649,14.8378275574982,0.027410373968512747,0.0146195351326093
MB,313,4,MB,313,51,10,SCig,51,0.06272832403701536,0.0280935764312744,96.85179664622677,18.0227584838867,0.2874370052015409,0.143545150918523
MB,313,4,MB,313,51,549009203,RPF,51,0.06253589887853346,0.0372627340879195,66.80554299507355,13.7070226669312,0.007380281842441459,0.0053281076934702
MB,313,4,MB,313,51,560581563,PIL,51,0.06233414326400401,0.019972163252722,70.1192960667803,5.7083888876237,0.02188176014608147,0.0068622025884922
MB,313,4,MB,313,51,975,EW,51,0.06118090648539353,0.0499076694250107,50.39512385138897,19.7689510391844,0.003201950368345303,0.0020737815817337
MB,313,4,MB,313,51,795,PAG,51,0.05999557164199699,0.0446222648024559,52.87522909570058,23.9277665721385,0.5930467624158271,0.41692501116401
MB,313,4,MB,313,51,1060,dtd,51,0.05843315896927404,0.0377414780439848,58.015660759653336,8.84619055635722,0.0008861101205808606,0.00053731476253945
MB,313,4,MB,313,51,609,SPA,51,0.05806255635617845,0.0442575626075268,36.527792333547374,16.8998622894287,0.01590157605308536,0.0120762175660919
MB,313,4,MB,313,51,591,CLI,51,0.056965726839139814,0.0319343917071819,56.036469621207125,10.8172473907471,0.010330205452806118,0.0069252898905727
MB,313,4,MB,313,51,128,MRN,51,0.056354397848141544,0.0409643120677965,56.32973286606639,16.1487102572175,0.6145810899015959,0.468588962931454
MB,313,4,MB,313,51,1029,POL,51,0.055844831676536394,0.0177096221596003,83.33835536025737,5.75453901290894,0.0241721396092143,0.009547967202186
MB,313,4,MB,313,51,323,MBmot,51,0.05522156019989326,0.0399098358102878,66.36911743983593,22.4898671833121,2.54633421656953,2.00829277466974
MB,313,4,MB,313,51,414,SPFm,51,0.05432212008625198,0.0322681330144405,41.898909530074796,13.6564083099365,0.007765653966300607,0.0050592550941825
MB,313,4,MB,313,51,158,pc,51,0.05278561537635433,0.0254355745912229,73.83398832587805,8.2947949337061,0.005951281194006588,0.0034199793516246
MB,313,4,MB,313,51,804,FF,51,0.05274098958873809,0.0156526488808851,73.35303833081296,6.7523832321167,0.027037095620479512,0.0099602765259755
MB,313,4,MB,313,51,1044,PP,51,0.052192597920081484,0.0125262764479821,74.75479075169984,3.28281497955322,0.0061525452819770066,0.001634736163924
MB,313,4,MB,313,51,197,RL,51,0.052012015234252036,0.0354461865438664,57.337409106921186,8.15038871765137,0.005707774317518591,0.0034087922522124
MB,313,4,MB,313,51,75,DT,51,0.05187033154341956,0.00818080175668,90.53458056985033,2.55052781105042,0.0012251546740590182,0.0002309742069373
PPT,1061,3,PRT,1100,6,1061,PPT,6,0.09330683707147247,0.0516121234855295,162.75687630109425,38.99286475003265,0.04727569868935147,0.026733866563767347
PPT,1061,3,PRT,1100,6,75,DT,6,0.091347533213763,0.0245685731060803,178.55494891383537,11.524342536926259,0.001533018326842481,0.0005564457224092501
PPT,1061,3,PRT,1100,6,215,APN,6,0.09019498832311838,0.048528593074119955,205.1750384878873,48.64494705200195,0.36785244159169583,0.4250942889128895
PPT,1061,3,PRT,1100,6,634,NPC,6,0.08606306634789802,0.07937636977231785,83.02496862202678,63.44931030273435,0.11853985962764073,0.09348215001592815
PPT,1061,3,PRT,1100,6,1100,PRT,6,0.08301375296792285,0.05809030441167835,158.54287523041933,46.83322288236245,0.6300084010537215,0.6725832446807549
PPT,1061,3,PRT,1100,6,804,FF,6,0.08057138969549567,0.01113784173503515,170.31326635712364,6.385432481765745,0.06808561267738526,0.012735830897844701
PPT,1061,3,PRT,1100,6,628,NOT,6,0.07982868321836531,0.046523629325347746,134.89286489978508,42.36941947205975,0.057178998908621215,0.0306377564612609
PPT,1061,3,PRT,1100,6,1029,POL,6,0.07635140191513053,0.02979230987627835,162.96317644052215,14.77923583984375,0.03626197325522613,0.02330764752228425
PPT,1061,3,PRT,1100,6,422,SPFp,6,0.07096431273923039,0.0269018236996049,129.5310038503249,14.68303448596951,0.0305266084716966,0.009621146697179051
PPT,1061,3,PRT,1100,6,851,SCop,6,0.06809087120651822,0.051233761012554196,75.58395346550164,28.78196907043455,0.1863204657864772,0.11031526726445184
PPT,1061,3,PRT,1100,6,10,SCig,6,0.06769265357244726,0.04951271674967435,109.33925012320226,52.68926239013675,0.4668347342978056,0.4956827442310995
PPT,1061,3,PRT,1100,6,706,OP,6,0.06498568243743628,0.041546346619725255,88.76539653148195,26.0728883743286,0.015506180644258842,0.00677543406085355
PPT,1061,3,PRT,1100,6,797,ZI,6,0.06361337124107903,0.02327926838235525,146.8299761748922,16.727369598396148,0.39943909139344397,0.2752382283973215
PPT,1061,3,PRT,1100,6,842,SCsg,6,0.06311760171176964,0.026217935665589547,74.26471264826425,14.552450656890851,0.3340454385429361,0.1226106144743525
PPT,1061,3,PRT,1100,6,214,RN,6,0.06182841114316822,0.008843759074807101,156.88671671162803,5.421202182769775,0.18354265150126306,0.02622887138718385
PPT,1061,3,PRT,1100,6,302,SCs,6,0.06067987407634919,0.03021339442078055,69.12378896382256,17.1943626499002,0.5922347831934593,0.244369126591498
PPT,1061,3,PRT,1100,6,563807435,PoT,6,0.05945409402300434,0.015281317128845,116.63885995251897,7.657228089706541,0.04455993259386643,0.01803872327301785
PPT,1061,3,PRT,1100,6,560581551,Eth,6,0.05814526502304772,0.02359609202015335,82.88883336954831,15.618679601797599,0.04717708309245694,0.037674216170811
PPT,1061,3,PRT,1100,6,321,SubG,6,0.05790839991194653,0.009996162261813851,110.41619831001051,6.000405550003055,0.006464155044703325,0.000763309416122
PPT,1061,3,PRT,1100,6,531,MPT,6,0.057369841303792905,0.0156908701173961,71.78485818694867,7.450509548187255,0.01351963142509348,0.00315237256014265
PPT,1061,3,PRT,1100,6,406,SPF,6,0.05715305262656602,0.02087965316552795,94.41394277701187,11.973396150825401,0.03654593573064357,0.0162948500707917
PPT,1061,3,PRT,1100,6,325,SGN,6,0.056296062384060125,0.0081102982750442,143.56631682398026,4.116153717041016,0.017326350257967506,0.00318163515766135
PPT,1061,3,PRT,1100,6,294,SCm,6,0.04736216905421775,0.03180865716864815,64.59407686042593,31.500749987233803,0.8921989647440114,0.936551833561247
PPT,1061,3,PRT,1100,6,549009203,RPF,6,0.0464690706429849,0.0190277248620987,46.1901398679801,12.228169962445659,0.010135590167059661,0.0058630199371661005
PPT,1061,3,PRT,1100,6,563807439,IntG,6,0.04644152809537329,0.027518872171640403,60.07181036663759,8.728384604764585,0.004316591984875069,0.0037308693594052
PPT,1061,3,PRT,1100,6,791,AUDpo5,6,0.04458848892394124,0.0,118.5518005846734,0.0,0.016181503813962887,0.0
PPT,1061,3,PRT,1100,6,759,AUDpo4,6,0.04311387177079878,0.0,132.18198694536324,0.0,0.006400998334669133,0.0
PPT,1061,3,PRT,1100,6,234,TEa4,6,0.043018380831708544,0.0,138.04748259311395,0.0,0.026929880480894272,0.0
PPT,1061,3,PRT,1100,6,560581563,PIL,6,0.04269597006346937,0.0098475597630393,75.56064575349382,4.79918797448362,0.017877605511466787,0.0056075825082072
PPT,1061,3,PRT,1100,6,66,LT,6,0.041763136456873566,0.01256905726622965,43.945442033929204,6.8747109710103995,0.0023651932045237155,0.0015889339062383
