heldout_stimulus_index,heldout_true_label,k,added_pool_index,added_clean_feature_index,added_original_neuron_index,train_accuracy,train_balanced_accuracy,heldout_score,heldout_pred,heldout_correct,candidate_single_train_balanced_accuracy
0,1,1,0,35669,35669,0.7350427350427351,0.7448680351906158,0.0010606975993141532,1,1,0.7448680400848389
0,1,2,96,29128,29128,0.7948717948717948,0.8013196480938416,-7.587345317006111e-05,0,0,0.6580645442008972
0,1,3,873,6365,6365,0.8290598290598291,0.8366568914956012,-6.144905637484044e-05,0,0,0.620381236076355
0,1,4,941,29382,29382,0.8547008547008547,0.8618768328445747,-6.415709503926337e-05,0,0,0.6187683343887329
0,1,5,28,19815,19815,0.8632478632478633,0.869941348973607,-0.0002545174793340266,0,0,0.6741935610771179
0,1,6,13,38926,38926,0.8717948717948718,0.8780058651026392,-0.0008416657219640911,0,0,0.6802052855491638
0,1,7,614,28932,28932,0.8803418803418803,0.8860703812316715,-0.0008031650795601308,0,0,0.6266862154006958
0,1,8,229,14861,14861,0.8888888888888888,0.8941348973607037,-0.0009326782310381532,0,0,0.6450146436691284
0,1,9,242,9694,9694,0.8974358974358975,0.9021994134897361,-0.0013728615595027804,0,0,0.6439882516860962
1,1,1,0,35669,35669,0.7435897435897436,0.7529325513196481,-0.00010759738506749272,0,0,0.7529325485229492
1,1,2,91,29128,29128,0.7948717948717948,0.8013196480938416,-0.001244168495759368,0,0,0.6580645442008972
1,1,3,585,34404,34404,0.8376068376068376,0.8436950146627566,-0.0022344922181218863,0,0,0.6266862154006958
1,1,4,708,31071,31071,0.8461538461538461,0.8517595307917889,-0.0013764610048383474,0,0,0.6234604120254517
1,1,5,761,33267,33267,0.8547008547008547,0.8587976539589443,-0.0015284172259271145,0,0,0.6218475103378296
1,1,6,709,12607,12607,0.8717948717948718,0.8769794721407624,-0.002937949262559414,0,0,0.6234604120254517
1,1,7,36,25129,25129,0.8803418803418803,0.8850439882697947,-0.003174662357196212,0,0,0.671994149684906
2,1,1,0,35669,35669,0.7350427350427351,0.7448680351906158,0.0010606975993141532,1,1,0.7448680400848389
2,1,2,139,29128,29128,0.7863247863247863,0.7932551319648093,0.0018581028562039137,1,1,0.6499999761581421
2,1,3,629,8916,8916,0.8205128205128205,0.8275659824046921,0.008912787772715092,1,1,0.6247800588607788
2,1,4,312,26585,26585,0.8547008547008547,0.8608504398826979,0.008317189291119576,1,1,0.6379765272140503
2,1,5,57,25129,25129,0.8632478632478633,0.8689149560117302,0.008362728171050549,1,1,0.6639296412467957
2,1,6,817,6365,6365,0.8632478632478633,0.869941348973607,0.009236155077815056,1,1,0.620381236076355
2,1,7,716,16434,16434,0.8803418803418803,0.8860703812316715,0.009263141080737114,1,1,0.6225806474685669
2,1,8,275,36564,36564,0.8888888888888888,0.8941348973607037,0.008853709325194359,1,1,0.640762448310852
2,1,9,86,27013,27013,0.8974358974358975,0.9021994134897361,0.008682085201144218,1,1,0.6579179167747498
2,1,10,973,37053,37053,0.905982905982906,0.9102639296187683,0.008543779142200947,1,1,0.6167155504226685
2,1,11,837,9387,9387,0.9145299145299145,0.9183284457478006,0.009082897566258907,1,1,0.6196480989456177
2,1,12,551,21714,21714,0.9145299145299145,0.9193548387096775,0.009941413067281246,1,1,0.6275659799575806
2,1,13,107,27774,27774,0.9316239316239316,0.935483870967742,0.00989233236759901,1,1,0.654105544090271
3,1,1,0,35669,35669,0.7350427350427351,0.7448680351906158,0.002215985208749771,1,1,0.7448680400848389
3,1,2,141,29128,29128,0.7948717948717948,0.8002932551319648,0.0054099238477647305,1,1,0.6499999761581421
3,1,3,518,6365,6365,0.8205128205128205,0.8275659824046921,0.004975336138159037,1,1,0.6284457445144653
3,1,4,875,29382,29382,0.8547008547008547,0.8608504398826979,0.004608020186424255,1,1,0.6187683343887329
3,1,5,35,25129,25129,0.8632478632478633,0.869941348973607,0.004371307324618101,1,1,0.671994149684906
3,1,6,751,32854,32854,0.8717948717948718,0.8769794721407624,0.003718383377417922,1,1,0.6217008829116821
4,1,1,0,35669,35669,0.7435897435897436,0.7529325513196481,-0.001288900151848793,0,0,0.7529325485229492
4,1,2,96,29128,29128,0.7948717948717948,0.8013196480938416,-0.002425471320748329,0,0,0.6580645442008972
4,1,3,617,34404,34404,0.8376068376068376,0.8436950146627566,-0.003001510165631771,0,0,0.6266862154006958
4,1,4,469,34670,34670,0.8461538461538461,0.8527859237536657,-0.0019906344823539257,0,0,0.6318181753158569
4,1,5,950,29382,29382,0.8547008547008547,0.8608504398826979,-0.00273556518368423,0,0,0.6187683343887329
4,1,6,22,11412,11412,0.8717948717948718,0.8769794721407624,-0.0029808953404426575,0,0,0.6771261096000671
4,1,7,836,2208,2208,0.8803418803418803,0.8860703812316715,-0.003284481819719076,0,0,0.6214076280593872
4,1,8,516,13956,13956,0.8888888888888888,0.8941348973607037,-0.003795362077653408,0,0,0.6297653913497925
4,1,9,996,27647,27647,0.8974358974358975,0.9021994134897361,-0.004159306641668081,0,0,0.6177419424057007
5,1,1,0,35669,35669,0.7350427350427351,0.7448680351906158,0.002215985208749771,1,1,0.7448680400848389
5,1,2,82,29128,29128,0.7863247863247863,0.7932551319648093,0.0010794141562655568,1,1,0.6580645442008972
5,1,3,620,8916,8916,0.8205128205128205,0.8275659824046921,0.0012687721755355597,1,1,0.6247800588607788
5,1,4,296,26585,26585,0.8547008547008547,0.8608504398826979,0.0006731738103553653,1,1,0.6379765272140503
5,1,5,112,33217,33217,0.8632478632478633,0.8689149560117302,0.00021621238556690514,1,1,0.6530791521072388
5,1,6,779,2166,2166,0.8717948717948718,0.8780058651026392,0.0005590540822595358,1,1,0.6214076280593872
6,1,1,0,35669,35669,0.7350427350427351,0.7448680351906158,0.0010606975993141532,1,1,0.7448680400848389
6,1,2,133,29128,29128,0.7948717948717948,0.8002932551319648,0.0030823838897049427,1,1,0.6499999761581421
6,1,3,404,8916,8916,0.8205128205128205,0.8275659824046921,0.0020204284228384495,1,1,0.6328445672988892
6,1,4,306,26585,26585,0.8547008547008547,0.8608504398826979,0.0018798852106556296,1,1,0.6379765272140503
6,1,5,147,32986,32986,0.8632478632478633,0.8689149560117302,0.0014223000034689903,1,1,0.6489735841751099
6,1,6,255,3871,3871,0.8717948717948718,0.8780058651026392,0.0012567945523187518,1,1,0.6416422128677368
6,1,7,294,28860,28860,0.8803418803418803,0.8860703812316715,0.0010503573575988412,1,1,0.6388562917709351
6,1,8,849,29353,29353,0.8888888888888888,0.8941348973607037,0.0006767872255295515,1,1,0.6187683343887329
7,1,1,0,1762,1762,0.7094017094017094,0.7175953079178885,0.02885987050831318,1,1,0.7175952792167664
7,1,2,315,24335,24335,0.7350427350427351,0.7428152492668622,0.045769818127155304,1,1,0.6369501352310181
7,1,3,42,4269,4269,0.7435897435897436,0.7519061583577713,0.057249516248703,1,1,0.6678885817527771
7,1,4,350,3403,3403,0.7692307692307693,0.7771260997067448,0.06025053560733795,1,1,0.6348973512649536
7,1,5,875,38294,38294,0.7948717948717948,0.8013196480938416,0.06214303523302078,1,1,0.6177419424057007
7,1,6,69,3220,3220,0.8034188034188035,0.8093841642228738,0.0639118030667305,1,1,0.6601173281669617
7,1,7,203,37506,37506,0.811965811965812,0.8174486803519061,0.07423042505979538,1,1,0.6439882516860962
8,1,1,0,35669,35669,0.7350427350427351,0.7448680351906158,0.0077973161824047565,1,1,0.7448680400848389
8,1,2,134,29128,29128,0.7863247863247863,0.7932551319648093,0.008594721555709839,1,1,0.6499999761581421
8,1,3,488,6365,6365,0.8205128205128205,0.8285923753665689,0.00722308736294508,1,1,0.6284457445144653
8,1,4,932,37075,37075,0.8547008547008547,0.8618768328445747,0.006528003606945276,1,1,0.616568922996521
8,1,5,307,29382,29382,0.8632478632478633,0.869941348973607,0.007215489167720079,1,1,0.6376832723617554
8,1,6,418,28931,28931,0.8803418803418803,0.8860703812316715,0.007001408841460943,1,1,0.6316715478897095
9,1,1,0,35669,35669,0.7350427350427351,0.7448680351906158,0.0056038061156868935,1,1,0.7448680400848389
9,1,2,83,29128,29128,0.7863247863247863,0.7932551319648093,0.004467234946787357,1,1,0.6580645442008972
9,1,3,397,8916,8916,0.8205128205128205,0.8275659824046921,0.003405279479920864,1,1,0.6328445672988892
9,1,4,454,26585,26585,0.8547008547008547,0.8608504398826979,0.004135824739933014,1,1,0.6299120187759399
9,1,5,141,32986,32986,0.8632478632478633,0.8689149560117302,0.0036782394163310528,1,1,0.6489735841751099
9,1,6,387,3871,3871,0.8717948717948718,0.8780058651026392,0.0037991865538060665,1,1,0.6335777044296265
9,1,7,436,28860,28860,0.8803418803418803,0.8860703812316715,0.004378203302621841,1,1,0.6307917833328247
10,1,1,0,35669,35669,0.7350427350427351,0.7448680351906158,0.0077973161824047565,1,1,0.7448680400848389
10,1,2,145,29128,29128,0.7863247863247863,0.7932551319648093,0.008594721555709839,1,1,0.6499999761581421
10,1,3,400,8916,8916,0.8205128205128205,0.8275659824046921,0.008164926432073116,1,1,0.6328445672988892
10,1,4,307,26585,26585,0.8547008547008547,0.8608504398826979,0.008024383336305618,1,1,0.6379765272140503
10,1,5,160,32986,32986,0.8632478632478633,0.8689149560117302,0.007910508662462234,1,1,0.6489735841751099
10,1,6,388,3871,3871,0.8717948717948718,0.8780058651026392,0.008304901421070099,1,1,0.6335777044296265
10,1,7,297,28860,28860,0.8803418803418803,0.8860703812316715,0.008098464459180832,1,1,0.6388562917709351
11,1,1,0,35669,35669,0.7350427350427351,0.7448680351906158,0.0010606975993141532,1,1,0.7448680400848389
11,1,2,146,29128,29128,0.7863247863247863,0.7932551319648093,0.0018581028562039137,1,1,0.6499999761581421
11,1,3,430,8916,8916,0.8205128205128205,0.8275659824046921,0.001428307848982513,1,1,0.6328445672988892
11,1,4,322,26585,26585,0.8547008547008547,0.8608504398826979,0.0008327094838023186,1,1,0.6379765272140503
11,1,5,115,33217,33217,0.8632478632478633,0.8689149560117302,0.0007601247052662075,1,1,0.6530791521072388
11,1,6,421,3871,3871,0.8717948717948718,0.8780058651026392,0.0011545170564204454,1,1,0.6335777044296265
12,1,1,0,35669,35669,0.7350427350427351,0.7448680351906158,0.002215985208749771,1,1,0.7448680400848389
12,1,2,92,29128,29128,0.7863247863247863,0.7932551319648093,0.0017370801651850343,1,1,0.6580645442008972
12,1,3,640,8916,8916,0.8205128205128205,0.8275659824046921,0.0019264381844550371,1,1,0.6247800588607788
12,1,4,325,26585,26585,0.8547008547008547,0.8608504398826979,0.0017858949722722173,1,1,0.6379765272140503
12,1,5,119,33217,33217,0.8632478632478633,0.8689149560117302,0.0017133101355284452,1,1,0.6530791521072388
12,1,6,280,3871,3871,0.8717948717948718,0.8780058651026392,0.0012483447790145874,1,1,0.6416422128677368
13,1,1,0,35669,35669,0.7435897435897436,0.7529325513196481,-0.001288900151848793,0,0,0.7529325485229492
13,1,2,143,29128,29128,0.7948717948717948,0.8002932551319648,0.00409345468506217,1,1,0.6499999761581421
13,1,3,517,6365,6365,0.8205128205128205,0.8275659824046921,0.0036588667426258326,1,1,0.6284457445144653
13,1,4,686,39131,39131,0.8461538461538461,0.8538123167155425,0.0031916555017232895,1,1,0.6227272748947144
14,1,1,0,35669,35669,0.7350427350427351,0.7448680351906158,0.002215985208749771,1,1,0.7448680400848389
14,1,2,90,29128,29128,0.7863247863247863,0.7932551319648093,0.0017370801651850343,1,1,0.6580645442008972
14,1,3,659,8916,8916,0.8205128205128205,0.8275659824046921,0.0019264381844550371,1,1,0.6247800588607788
14,1,4,495,26585,26585,0.8547008547008547,0.8608504398826979,0.0022279429249465466,1,1,0.6299120187759399
14,1,5,121,33217,33217,0.8632478632478633,0.8689149560117302,0.0021553582046180964,1,1,0.6530791521072388
14,1,6,418,3871,3871,0.8717948717948718,0.8780058651026392,0.00227630534209311,1,1,0.6335777044296265
15,1,1,0,35669,35669,0.7350427350427351,0.7448680351906158,0.004487539175897837,1,1,0.7448680400848389
15,1,2,86,29128,29128,0.7863247863247863,0.7932551319648093,0.004008634015917778,1,1,0.6580645442008972
15,1,3,415,8916,8916,0.8205128205128205,0.8275659824046921,0.0035788388922810555,1,1,0.6328445672988892
15,1,4,486,26585,26585,0.8547008547008547,0.8608504398826979,0.0038803433999419212,1,1,0.6299120187759399
15,1,5,118,33217,33217,0.8632478632478633,0.8689149560117302,0.0034233820624649525,1,1,0.6530791521072388
15,1,6,500,2166,2166,0.8717948717948718,0.8780058651026392,0.0028736793901771307,1,1,0.6294721364974976
16,1,1,0,35669,35669,0.7350427350427351,0.7448680351906158,0.002215985208749771,1,1,0.7448680400848389
16,1,2,88,29128,29128,0.7863247863247863,0.7932551319648093,0.0010794141562655568,1,1,0.6580645442008972
16,1,3,539,6365,6365,0.8205128205128205,0.8285923753665689,0.000182806805241853,1,1,0.6284457445144653
16,1,4,313,26585,26585,0.8547008547008547,0.8608504398826979,-0.0004127915599383414,0,0,0.6379765272140503
16,1,5,802,15230,15230,0.8717948717948718,0.8780058651026392,-0.00041115793283097446,0,0,0.6215542554855347
17,1,1,0,35669,35669,0.7350427350427351,0.7448680351906158,0.0010606975993141532,1,1,0.7448680400848389
17,1,2,148,29128,29128,0.7948717948717948,0.8002932551319648,0.004254636354744434,1,1,0.6499999761581421
17,1,3,623,8916,8916,0.8205128205128205,0.8275659824046921,0.005050140433013439,1,1,0.6247800588607788
17,1,4,296,26585,26585,0.8547008547008547,0.8608504398826979,0.004909597337245941,1,1,0.6379765272140503
17,1,5,112,33217,33217,0.8632478632478633,0.8689149560117302,0.004837012384086847,1,1,0.6530791521072388
17,1,6,392,3871,3871,0.8717948717948718,0.8780058651026392,0.004957959521561861,1,1,0.6335777044296265
18,1,1,0,35669,35669,0.7350427350427351,0.7448680351906158,0.0010606975993141532,1,1,0.7448680400848389
18,1,2,147,29128,29128,0.7863247863247863,0.7932551319648093,0.0012264512479305267,1,1,0.6499999761581421
18,1,3,434,8916,8916,0.8205128205128205,0.8275659824046921,0.000796656240709126,1,1,0.6328445672988892
18,1,4,499,26585,26585,0.8547008547008547,0.8608504398826979,0.00273627950809896,1,1,0.6299120187759399
18,1,5,118,33217,33217,0.8632478632478633,0.8689149560117302,0.0026636947877705097,1,1,0.6530791521072388
18,1,6,420,3871,3871,0.8717948717948718,0.8780058651026392,0.0027846419252455235,1,1,0.6335777044296265
19,1,1,0,35669,35669,0.7435897435897436,0.7529325513196481,-0.001288900151848793,0,0,0.7529325485229492
19,1,2,369,13709,13709,0.7948717948717948,0.8043988269794722,0.01514342613518238,1,1,0.6340175867080688
19,1,3,258,32986,32986,0.8290598290598291,0.8366568914956012,0.015360255725681782,1,1,0.6409090757369995
19,1,4,145,14439,14439,0.8376068376068376,0.8447214076246334,0.015238646417856216,1,1,0.6488269567489624
19,1,5,386,8539,8539,0.8461538461538461,0.8538123167155425,0.015670977532863617,1,1,0.633431077003479
19,1,6,417,17858,17858,0.8547008547008547,0.8618768328445747,0.015329444780945778,1,1,0.6318181753158569
19,1,7,732,15230,15230,0.8632478632478633,0.869941348973607,0.015628082677721977,1,1,0.6215542554855347
19,1,8,755,28529,28529,0.8717948717948718,0.8780058651026392,0.015321592800319195,1,1,0.6208211183547974
20,0,1,0,35669,35669,0.7350427350427351,0.7473544973544974,-0.0035374120343476534,0,1,0.7473545074462891
20,0,2,123,29128,29128,0.7863247863247863,0.794973544973545,-0.004625874571502209,0,1,0.6521164178848267
20,0,3,609,6365,6365,0.8205128205128205,0.8306878306878307,-0.004607241600751877,0,1,0.6256613731384277
20,0,4,990,39131,39131,0.8461538461538461,0.8558201058201058,-0.0050553628243505955,0,1,0.6164020895957947
20,0,5,458,30620,30620,0.8547008547008547,0.8637566137566137,-0.005291910842061043,0,1,0.6309523582458496
20,0,6,348,36590,36590,0.8632478632478633,0.8716931216931216,-0.005468927323818207,0,1,0.6362434029579163
20,0,7,28,38926,38926,0.8717948717948718,0.8796296296296297,-0.0056503331288695335,0,1,0.6732804179191589
20,0,8,641,18392,18392,0.8803418803418803,0.8875661375661376,-0.006767001934349537,0,1,0.6243386268615723
21,1,1,0,35669,35669,0.7435897435897436,0.7529325513196481,-0.00010759738506749272,0,0,0.7529325485229492
21,1,2,86,29128,29128,0.7948717948717948,0.8013196480938416,-0.0005865023704245687,0,0,0.6580645442008972
21,1,3,437,8916,8916,0.8290598290598291,0.8356304985337244,-0.0010162973776459694,0,0,0.6328445672988892
21,1,4,15,36380,36380,0.8376068376068376,0.8447214076246334,-0.0006709200097247958,0,0,0.6800586581230164
21,1,5,909,35665,35665,0.8547008547008547,0.8608504398826979,-0.00216171657666564,0,0,0.6186217069625854
21,1,6,6,19909,19909,0.8717948717948718,0.8780058651026392,-0.0019523798255249858,0,0,0.6851906180381775
21,1,7,256,22408,22408,0.8803418803418803,0.8860703812316715,-0.00171457149554044,0,0,0.6419354677200317
21,1,8,296,19561,19561,0.8888888888888888,0.8941348973607037,-0.001372035825625062,0,0,0.6390029191970825
22,1,1,0,35669,35669,0.7350427350427351,0.7448680351906158,0.004487539175897837,1,1,0.7448680400848389
22,1,2,131,29128,29128,0.7863247863247863,0.7932551319648093,0.004653292708098888,1,1,0.6499999761581421
22,1,3,798,6365,6365,0.8205128205128205,0.8285923753665689,0.004667717032134533,1,1,0.620381236076355
22,1,4,851,29382,29382,0.8461538461538461,0.8538123167155425,0.004300401080399752,1,1,0.6187683343887329
22,1,5,54,25129,25129,0.8632478632478633,0.869941348973607,0.0046151853166520596,1,1,0.6639296412467957
23,1,1,0,35669,35669,0.7435897435897436,0.7529325513196481,-0.001288900151848793,0,0,0.7529325485229492
23,1,2,751,12445,12445,0.7948717948717948,0.8013196480938416,-0.001476723118685186,0,0,0.6208211183547974
23,1,3,827,36086,36086,0.8376068376068376,0.8426686217008797,-0.00123725482262671,0,0,0.6195014715194702
23,1,4,6,19909,19909,0.8461538461538461,0.8517595307917889,-0.0010279180714860559,0,0,0.6851906180381775
23,1,5,10,38926,38926,0.8547008547008547,0.8598240469208212,-0.0012152226408943534,0,0,0.6802052855491638
23,1,6,950,12675,12675,0.8547008547008547,0.8608504398826979,-0.001001864904537797,0,0,0.616568922996521
23,1,7,144,27013,27013,0.8632478632478633,0.8689149560117302,-0.0009502382017672062,0,0,0.6498533487319946
24,1,1,0,35669,35669,0.7350427350427351,0.7448680351906158,0.0010606975993141532,1,1,0.7448680400848389
24,1,2,140,29128,29128,0.7863247863247863,0.7932551319648093,0.0012264512479305267,1,1,0.6499999761581421
24,1,3,411,8916,8916,0.8205128205128205,0.8275659824046921,0.000796656240709126,1,1,0.6328445672988892
24,1,4,483,26585,26585,0.8547008547008547,0.8608504398826979,0.001527201384305954,1,1,0.6299120187759399
24,1,5,151,32986,32986,0.8632478632478633,0.8689149560117302,0.0014133270597085357,1,1,0.6489735841751099
24,1,6,260,3871,3871,0.8717948717948718,0.8780058651026392,0.0009483618196099997,1,1,0.6416422128677368
24,1,7,296,28860,28860,0.8803418803418803,0.8860703812316715,0.000741924624890089,1,1,0.6388562917709351
25,1,1,0,35669,35669,0.7350427350427351,0.7448680351906158,0.002215985208749771,1,1,0.7448680400848389
25,1,2,145,29128,29128,0.7863247863247863,0.7932551319648093,0.002381738740950823,1,1,0.6499999761581421
25,1,3,631,8916,8916,0.8205128205128205,0.8275659824046921,0.0060128625482320786,1,1,0.6247800588607788
25,1,4,305,26585,26585,0.8547008547008547,0.8608504398826979,0.005417264066636562,1,1,0.6379765272140503
25,1,5,203,33217,33217,0.8632478632478633,0.8689149560117302,0.006074410863220692,1,1,0.6450146436691284
25,1,6,492,2166,2166,0.8717948717948718,0.8780058651026392,0.005524707958102226,1,1,0.6294721364974976
26,1,1,0,35669,35669,0.7435897435897436,0.7529325513196481,-0.00010759738506749272,0,0,0.7529325485229492
26,1,2,131,29128,29128,0.7863247863247863,0.7932551319648093,5.815623444505036e-05,1,1,0.6499999761581421
26,1,3,601,8916,8916,0.8205128205128205,0.8275659824046921,0.0008536600507795811,1,1,0.6247800588607788
26,1,4,454,26585,26585,0.8547008547008547,0.8608504398826979,0.0011551646748557687,1,1,0.6299120187759399
26,1,5,105,33217,33217,0.8632478632478633,0.8689149560117302,0.0010825798381119967,1,1,0.6530791521072388
26,1,6,384,3871,3871,0.8717948717948718,0.8780058651026392,0.0014769722474738955,1,1,0.6335777044296265
27,1,1,0,35669,35669,0.7435897435897436,0.7529325513196481,-0.0036905270535498857,0,0,0.7529325485229492
27,1,2,81,29128,29128,0.7948717948717948,0.8013196480938416,-0.004827097989618778,0,0,0.6580645442008972
27,1,3,401,8916,8916,0.8290598290598291,0.8356304985337244,-0.005256893113255501,0,0,0.6328445672988892
27,1,4,464,26585,26585,0.8547008547008547,0.8608504398826979,-0.0033172699622809887,0,0,0.6299120187759399
27,1,5,112,33217,33217,0.8717948717948718,0.8769794721407624,-0.0037742312997579575,0,0,0.6530791521072388
27,1,6,390,3871,3871,0.8803418803418803,0.8860703812316715,-0.0033798390068113804,0,0,0.6335777044296265
28,1,1,0,35669,35669,0.7435897435897436,0.7529325513196481,-0.0061441827565431595,0,0,0.7529325485229492
28,1,2,135,35691,35691,0.8034188034188035,0.8083577712609971,-0.007084470242261887,0,0,0.6508797407150269
28,1,3,502,6365,6365,0.8290598290598291,0.8346041055718475,-0.00751905795186758,0,0,0.6284457445144653
28,1,4,562,28932,28932,0.8547008547008547,0.8598240469208212,-0.006658020429313183,0,0,0.6266862154006958
28,1,5,216,9694,9694,0.8717948717948718,0.8769794721407624,-0.0070982035249471664,0,0,0.6439882516860962
28,1,6,578,29,29,0.8888888888888888,0.8931085043988269,-0.0069560706615448,0,0,0.6265395879745483
28,1,7,346,36524,36524,0.8974358974358975,0.9011730205278592,-0.00637840898707509,0,0,0.6368035078048706
28,1,8,107,27774,27774,0.905982905982906,0.9092375366568914,-0.007618161849677563,0,0,0.654105544090271
28,1,9,225,25995,25995,0.9145299145299145,0.9173020527859237,-0.00809184554964304,0,0,0.6438416242599487
29,1,1,0,35669,35669,0.7350427350427351,0.7448680351906158,0.002215985208749771,1,1,0.7448680400848389
29,1,2,127,29128,29128,0.7863247863247863,0.7932551319648093,0.00301339034922421,1,1,0.6499999761581421
29,1,3,607,8916,8916,0.8205128205128205,0.8275659824046921,0.0032027484849095345,1,1,0.6247800588607788
29,1,4,295,26585,26585,0.8547008547008547,0.8608504398826979,0.0026071500033140182,1,1,0.6379765272140503
29,1,5,100,33217,33217,0.8632478632478633,0.8689149560117302,0.0021501886658370495,1,1,0.6530791521072388
29,1,6,247,3871,3871,0.8717948717948718,0.8780058651026392,0.001984683331102133,1,1,0.6416422128677368
30,0,1,0,35669,35669,0.7350427350427351,0.7473544973544974,-0.0035374120343476534,0,1,0.7473545074462891
30,0,2,118,29128,29128,0.7863247863247863,0.794973544973545,-0.004625874571502209,0,1,0.6521164178848267
30,0,3,593,6365,6365,0.8205128205128205,0.8306878306878307,-0.0036881351843476295,0,1,0.6256613731384277
30,0,4,919,37075,37075,0.8547008547008547,0.8637566137566137,-0.0029269864317029715,0,1,0.6177248954772949
30,0,5,744,1682,1682,0.8632478632478633,0.8716931216931216,-0.0019430489046499133,0,1,0.6216931343078613
30,0,6,811,15230,15230,0.8717948717948718,0.8796296296296297,-0.002236450556665659,0,1,0.6203703880310059
30,0,7,861,14546,14546,0.8803418803418803,0.8875661375661376,-0.0023382168728858232,0,1,0.6190476417541504
31,0,1,0,35669,35669,0.7350427350427351,0.7473544973544974,-0.0012464855099096894,0,1,0.7473545074462891
31,0,2,123,29128,29128,0.7863247863247863,0.794973544973545,-0.0023349481634795666,0,1,0.6521164178848267
31,0,3,564,8916,8916,0.8205128205128205,0.8293650793650793,-0.0033516143448650837,0,1,0.6269841194152832
31,0,4,377,26585,26585,0.8547008547008547,0.8624338624338623,-0.0034869618248194456,0,1,0.6335979104042053
31,0,5,170,33217,33217,0.8632478632478633,0.8703703703703703,-0.0035562359262257814,0,1,0.6481481194496155
31,0,6,458,3871,3871,0.8717948717948718,0.8796296296296297,-0.0037158732302486897,0,1,0.6309523582458496
32,1,1,0,35669,35669,0.7350427350427351,0.7448680351906158,0.0010606975993141532,1,1,0.7448680400848389
32,1,2,79,29128,29128,0.7863247863247863,0.7932551319648093,0.0005817925557494164,1,1,0.6580645442008972
32,1,3,619,8916,8916,0.8205128205128205,0.8275659824046921,0.004741018638014793,1,1,0.6247800588607788
32,1,4,465,26585,26585,0.8547008547008547,0.8608504398826979,0.005887596867978573,1,1,0.6299120187759399
32,1,5,114,33217,33217,0.8632478632478633,0.8689149560117302,0.005430635530501604,1,1,0.6530791521072388
32,1,6,398,3871,3871,0.8717948717948718,0.8780058651026392,0.005551582667976618,1,1,0.6335777044296265
33,1,1,0,35669,35669,0.7350427350427351,0.7448680351906158,0.009938797913491726,1,1,0.7448680400848389
33,1,2,82,29128,29128,0.7863247863247863,0.7932551319648093,0.00880222674459219,1,1,0.6580645442008972
33,1,3,630,6365,6365,0.8205128205128205,0.8285923753665689,0.006441516801714897,1,1,0.6246334314346313
33,1,4,846,29382,29382,0.8547008547008547,0.8618768328445747,0.006074200849980116,1,1,0.6187683343887329
33,1,5,29,18738,18738,0.8632478632478633,0.869941348973607,0.006209673825651407,1,1,0.6709677577018738
34,1,1,0,35669,35669,0.7350427350427351,0.7448680351906158,0.0010606975993141532,1,1,0.7448680400848389
34,1,2,88,29128,29128,0.7948717948717948,0.8013196480938416,-7.587345317006111e-05,0,0,0.6580645442008972
34,1,3,422,8916,8916,0.8290598290598291,0.8356304985337244,-0.0011378288036212325,0,0,0.6328445672988892
34,1,4,496,26585,26585,0.8547008547008547,0.8608504398826979,8.749659173190594e-06,1,1,0.6299120187759399
34,1,5,210,33217,33217,0.8632478632478633,0.8689149560117302,0.0003075343556702137,1,1,0.6450146436691284
34,1,6,415,3871,3871,0.8717948717948718,0.8780058651026392,0.00042848149314522743,1,1,0.6335777044296265
35,1,1,0,35669,35669,0.7350427350427351,0.7448680351906158,0.0010606975993141532,1,1,0.7448680400848389
35,1,2,86,29128,29128,0.7863247863247863,0.7932551319648093,0.0005817925557494164,1,1,0.6580645442008972
35,1,3,645,8916,8916,0.8205128205128205,0.8275659824046921,0.0013772964011877775,1,1,0.6247800588607788
35,1,4,308,26585,26585,0.8547008547008547,0.8608504398826979,0.0012367531890049577,1,1,0.6379765272140503
35,1,5,202,33217,33217,0.8632478632478633,0.8689149560117302,0.0018939001020044088,1,1,0.6450146436691284
35,1,6,405,3871,3871,0.8717948717948718,0.8780058651026392,0.0020148472394794226,1,1,0.6335777044296265
36,1,1,0,35669,35669,0.7435897435897436,0.7529325513196481,-0.0024832093622535467,0,0,0.7529325485229492
36,1,2,429,13709,13709,0.7948717948717948,0.8043988269794722,0.0016382492613047361,1,1,0.6340175867080688
36,1,3,611,34404,34404,0.8205128205128205,0.8285923753665689,0.0010622104164212942,1,1,0.6266862154006958
36,1,4,210,31183,31183,0.8376068376068376,0.8447214076246334,0.0009964574128389359,1,1,0.6460410356521606
36,1,5,266,7748,7748,0.8547008547008547,0.8618768328445747,0.0012035315157845616,1,1,0.6428152322769165
36,1,6,298,24001,24001,0.8632478632478633,0.869941348973607,0.0010415068827569485,1,1,0.640762448310852
37,0,1,0,35669,35669,0.7350427350427351,0.7473544973544974,-0.002399425022304058,0,1,0.7473545074462891
37,0,2,112,29128,29128,0.7863247863247863,0.794973544973545,-0.0034878875594586134,0,1,0.6521164178848267
37,0,3,331,8916,8916,0.8205128205128205,0.8293650793650793,-0.0032886420376598835,0,1,0.6362434029579163
37,0,4,370,26585,26585,0.8547008547008547,0.8624338624338623,-0.003857449861243367,0,1,0.6335979104042053
37,0,5,156,33217,33217,0.8632478632478633,0.8703703703703703,-0.00429273396730423,0,1,0.6481481194496155
37,0,6,442,3871,3871,0.8717948717948718,0.8796296296296297,-0.004452371038496494,0,1,0.6309523582458496
38,0,1,0,35669,35669,0.7350427350427351,0.7473544973544974,-0.002399425022304058,0,1,0.7473545074462891
38,0,2,123,29128,29128,0.7863247863247863,0.794973544973545,-0.0034878875594586134,0,1,0.6521164178848267
38,0,3,610,6365,6365,0.8205128205128205,0.8306878306878307,-0.002550148405134678,0,1,0.6256613731384277
38,0,4,996,39131,39131,0.8461538461538461,0.8558201058201058,-0.002998269395902753,0,1,0.6164020895957947
39,1,1,0,35669,35669,0.7350427350427351,0.7448680351906158,0.0033582663163542747,1,1,0.7448680400848389
39,1,2,387,13709,13709,0.7948717948717948,0.8043988269794722,0.005784248933196068,1,1,0.6340175867080688
39,1,3,404,8539,8539,0.811965811965812,0.8215542521994135,0.005800959654152393,1,1,0.633431077003479
39,1,4,162,32986,32986,0.8376068376068376,0.8457478005865102,0.005687085445970297,1,1,0.6489735841751099
39,1,5,941,11158,11158,0.8547008547008547,0.8618768328445747,0.005567475222051144,1,1,0.6175953149795532
39,1,6,149,22408,22408,0.8717948717948718,0.8780058651026392,0.005375527776777744,1,1,0.6499999761581421
39,1,7,2,19909,19909,0.8803418803418803,0.8860703812316715,0.004962895531207323,1,1,0.6932551264762878
40,1,1,0,35669,35669,0.7435897435897436,0.7529325513196481,-0.0061441827565431595,0,0,0.7529325485229492
40,1,2,145,35691,35691,0.8034188034188035,0.8083577712609971,-0.007653222884982824,0,0,0.6508797407150269
40,1,3,855,6365,6365,0.8290598290598291,0.8346041055718475,-0.007202793378382921,0,0,0.620381236076355
40,1,4,395,28932,28932,0.8547008547008547,0.8598240469208212,-0.008038857951760292,0,0,0.6347507238388062
40,1,5,229,9694,9694,0.8717948717948718,0.8769794721407624,-0.008479041047394276,0,0,0.6439882516860962
40,1,6,708,10348,10348,0.8888888888888888,0.8931085043988269,-0.008709263987839222,0,0,0.6236070394515991
41,1,1,0,35669,35669,0.7435897435897436,0.7529325513196481,-0.001288900151848793,0,0,0.7529325485229492
41,1,2,776,12445,12445,0.7948717948717948,0.8013196480938416,-0.002069345209747553,0,0,0.6208211183547974
41,1,3,369,8253,8253,0.8290598290598291,0.8366568914956012,-0.0025556469336152077,0,0,0.6347507238388062
41,1,4,23,19815,19815,0.8461538461538461,0.8538123167155425,-0.0032033156603574753,0,0,0.6741935610771179
41,1,5,392,3871,3871,0.8717948717948718,0.8790322580645161,-0.0030823685228824615,0,0,0.6335777044296265
41,1,6,441,16434,16434,0.8888888888888888,0.8951612903225806,-0.003443959169089794,0,0,0.6306451559066772
42,1,1,0,1762,1762,0.7094017094017094,0.7175953079178885,0.010730107314884663,1,1,0.7175952792167664
42,1,2,174,17743,17743,0.7435897435897436,0.7498533724340175,-0.0046245502308011055,0,0,0.6460410356521606
42,1,3,1,26870,26870,0.7606837606837606,0.7670087976539589,-0.01479528658092022,0,0,0.7004398703575134
42,1,4,533,21924,21924,0.7777777777777778,0.7831378299120235,-0.014260662719607353,0,0,0.6268328428268433
42,1,5,205,22880,22880,0.7863247863247863,0.7922287390029326,-0.018887024372816086,0,0,0.644574761390686
42,1,6,918,17341,17341,0.7948717948717948,0.8013196480938416,-0.014353880658745766,0,0,0.6173020601272583
42,1,7,878,38294,38294,0.811965811965812,0.8174486803519061,0.012307502329349518,1,1,0.6177419424057007
42,1,8,709,31420,31420,0.8290598290598291,0.8335777126099706,0.010205740109086037,1,1,0.6218475103378296
43,0,1,0,35669,35669,0.7350427350427351,0.7473544973544974,-0.0035374120343476534,0,1,0.7473545074462891
43,0,2,123,29128,29128,0.7863247863247863,0.794973544973545,-0.004625874571502209,0,1,0.6521164178848267
43,0,3,588,8916,8916,0.8205128205128205,0.8293650793650793,-0.005042060744017363,0,1,0.6269841194152832
43,0,4,423,26585,26585,0.8547008547008547,0.8624338624338623,-0.00561086880043149,0,1,0.6335979104042053
43,0,5,176,33217,33217,0.8632478632478633,0.8703703703703703,-0.006046152673661709,0,1,0.6481481194496155
43,0,6,289,3871,3871,0.8717948717948718,0.8796296296296297,-0.005920595023781061,0,1,0.6402116417884827
44,1,1,0,35669,35669,0.7435897435897436,0.7529325513196481,-0.0036905270535498857,0,0,0.7529325485229492
44,1,2,156,29128,29128,0.7948717948717948,0.8013196480938416,-0.0035247732885181904,0,0,0.6499999761581421
44,1,3,439,8916,8916,0.8290598290598291,0.8356304985337244,-0.003954568412154913,0,0,0.6328445672988892
44,1,4,320,26585,26585,0.8632478632478633,0.8689149560117302,-0.004095111507922411,0,0,0.6379765272140503
44,1,5,123,33217,33217,0.8717948717948718,0.8769794721407624,-0.00455207284539938,0,0,0.6530791521072388
44,1,6,429,3871,3871,0.8803418803418803,0.8860703812316715,-0.004431125707924366,0,0,0.6335777044296265
45,1,1,0,35669,35669,0.7350427350427351,0.7448680351906158,0.0033582663163542747,1,1,0.7448680400848389
45,1,2,84,29128,29128,0.7863247863247863,0.7932551319648093,0.0022216951474547386,1,1,0.6580645442008972
45,1,3,786,6365,6365,0.8205128205128205,0.8285923753665689,0.002236119471490383,1,1,0.620381236076355
45,1,4,684,39131,39131,0.8461538461538461,0.8538123167155425,0.0017689079977571964,1,1,0.6227272748947144
46,1,1,0,35669,35669,0.7435897435897436,0.7529325513196481,-0.0024832093622535467,0,0,0.7529325485229492
46,1,2,99,29128,29128,0.7948717948717948,0.8013196480938416,-0.003619780298322439,0,0,0.6580645442008972
46,1,3,620,34404,34404,0.8376068376068376,0.8436950146627566,-0.004195819143205881,0,0,0.6266862154006958
46,1,4,461,34670,34670,0.8461538461538461,0.8527859237536657,-0.0039325011894106865,0,0,0.6318181753158569
46,1,5,350,29382,29382,0.8547008547008547,0.8608504398826979,-0.0032450156286358833,0,0,0.6376832723617554
46,1,6,25,11412,11412,0.8717948717948718,0.8769794721407624,-0.0039055540692061186,0,0,0.6771261096000671
46,1,7,840,2208,2208,0.8803418803418803,0.8860703812316715,-0.004209140781313181,0,0,0.6214076280593872
46,1,8,493,22369,22369,0.8888888888888888,0.8941348973607037,-0.0046353815123438835,0,0,0.6307917833328247
47,1,1,0,35669,35669,0.7350427350427351,0.7448680351906158,0.0010606975993141532,1,1,0.7448680400848389
47,1,2,88,29128,29128,0.7863247863247863,0.7932551319648093,0.0005817925557494164,1,1,0.6580645442008972
47,1,3,538,6365,6365,0.8290598290598291,0.8366568914956012,-0.0003148149698972702,0,0,0.6284457445144653
47,1,4,336,29382,29382,0.8461538461538461,0.8538123167155425,3.4077471354976296e-05,1,1,0.6376832723617554
47,1,5,241,10980,10980,0.8632478632478633,0.869941348973607,-0.00021368119632825255,0,0,0.6439882516860962
48,1,1,0,1762,1762,0.7094017094017094,0.7175953079178885,0.14994101226329803,1,1,0.7175952792167664
48,1,2,191,24335,24335,0.7350427350427351,0.7428152492668622,0.14154449105262756,1,1,0.6450146436691284
48,1,3,595,38294,38294,0.7521367521367521,0.7589442815249267,0.1361384242773056,1,1,0.625806450843811
48,1,4,356,33600,33600,0.7692307692307693,0.7750733137829912,0.1347440779209137,1,1,0.6357771158218384
48,1,5,348,3542,3542,0.7777777777777778,0.7841642228739003,0.13626661896705627,1,1,0.6366568803787231
48,1,6,539,12029,12029,0.7863247863247863,0.7922287390029326,0.1374838948249817,1,1,0.6278592348098755
48,1,7,275,35811,35811,0.7948717948717948,0.8002932551319648,0.15489117801189423,1,1,0.6398826837539673
49,1,1,0,35669,35669,0.7350427350427351,0.7448680351906158,0.0077973161824047565,1,1,0.7448680400848389
49,1,2,152,29128,29128,0.7948717948717948,0.8002932551319648,0.009213365614414215,1,1,0.6499999761581421
49,1,3,654,8916,8916,0.8205128205128205,0.8275659824046921,0.01000886969268322,1,1,0.6247800588607788
49,1,4,495,26585,26585,0.8547008547008547,0.8608504398826979,0.01073941495269537,1,1,0.6299120187759399
49,1,5,215,33217,33217,0.8632478632478633,0.8689149560117302,0.011396561749279499,1,1,0.6450146436691284
49,1,6,807,2166,2166,0.8717948717948718,0.8780058651026392,0.011739403009414673,1,1,0.6214076280593872
50,1,1,0,35669,35669,0.7435897435897436,0.7529325513196481,-0.00010759738506749272,0,0,0.7529325485229492
50,1,2,799,12445,12445,0.7948717948717948,0.8013196480938416,-0.0008880423847585917,0,0,0.6208211183547974
50,1,3,862,36086,36086,0.8290598290598291,0.8356304985337244,-3.356277011334896e-05,0,0,0.6195014715194702
50,1,4,102,4187,4187,0.8461538461538461,0.8517595307917889,-0.00021044453023932874,0,0,0.656011700630188
50,1,5,286,23401,23401,0.8632478632478633,0.8678885630498534,9.553937707096338e-05,1,1,0.6398826837539673
50,1,6,783,2208,2208,0.8717948717948718,0.8769794721407624,-0.00020804713130928576,0,0,0.6214076280593872
51,1,1,0,35669,35669,0.7350427350427351,0.7448680351906158,0.0010606975993141532,1,1,0.7448680400848389
51,1,2,89,29128,29128,0.7863247863247863,0.7932551319648093,0.0005817925557494164,1,1,0.6580645442008972
51,1,3,309,26585,26585,0.8290598290598291,0.8346041055718475,-1.3805809430778027e-05,0,0,0.6379765272140503
51,1,4,622,8916,8916,0.8547008547008547,0.8608504398826979,0.00017555223894305527,1,1,0.6247800588607788
51,1,5,119,33217,33217,0.8632478632478633,0.8689149560117302,0.00010296745313098654,1,1,0.6530791521072388
51,1,6,410,3871,3871,0.8717948717948718,0.8780058651026392,0.00022391458333004266,1,1,0.6335777044296265
51,1,7,191,28485,28485,0.8803418803418803,0.8860703812316715,-0.0002352196170249954,0,0,0.6458944082260132
51,1,8,962,20216,20216,0.8888888888888888,0.8941348973607037,-0.0008685732609592378,0,0,0.6175953149795532
51,1,9,994,37053,37053,0.905982905982906,0.9102639296187683,-0.001006879610940814,0,0,0.6167155504226685
52,1,1,0,35669,35669,0.7435897435897436,0.7529325513196481,-0.0024832093622535467,0,0,0.7529325485229492
52,1,2,92,29128,29128,0.7948717948717948,0.8013196480938416,-0.003619780298322439,0,0,0.6580645442008972
52,1,3,422,8916,8916,0.8290598290598291,0.8356304985337244,-0.004681735765188932,0,0,0.6328445672988892
52,1,4,312,26585,26585,0.8632478632478633,0.8689149560117302,-0.005277334246784449,0,0,0.6379765272140503
52,1,5,215,33217,33217,0.8717948717948718,0.8769794721407624,-0.004978549666702747,0,0,0.6450146436691284
52,1,6,776,2166,2166,0.8803418803418803,0.8860703812316715,-0.004635707940906286,0,0,0.6214076280593872
53,1,1,0,35669,35669,0.7435897435897436,0.7529325513196481,-0.0036905270535498857,0,0,0.7529325485229492
53,1,2,374,13709,13709,0.7948717948717948,0.8043988269794722,0.001259158132597804,1,1,0.6340175867080688
53,1,3,895,34404,34404,0.8205128205128205,0.8285923753665689,0.001472667558118701,1,1,0.6186217069625854
53,1,4,188,31183,31183,0.8376068376068376,0.8447214076246334,0.000944688857998699,1,1,0.6460410356521606
53,1,5,34,18738,18738,0.8547008547008547,0.8618768328445747,0.0010801618918776512,1,1,0.6709677577018738
54,1,1,0,35669,35669,0.7435897435897436,0.7529325513196481,-0.0024832093622535467,0,0,0.7529325485229492
54,1,2,89,29128,29128,0.7948717948717948,0.8013196480938416,-0.003619780298322439,0,0,0.6580645442008972
54,1,3,600,34404,34404,0.8376068376068376,0.8436950146627566,-0.003794541349634528,0,0,0.6266862154006958
54,1,4,532,15816,15816,0.8461538461538461,0.8517595307917889,-0.00415318226441741,0,0,0.6287389993667603
54,1,5,947,17194,17194,0.8547008547008547,0.8608504398826979,-0.004278114996850491,0,0,0.618475079536438
55,1,1,0,35669,35669,0.7350427350427351,0.7448680351906158,0.004487539175897837,1,1,0.7448680400848389
55,1,2,395,13709,13709,0.7948717948717948,0.8043988269794722,0.022121064364910126,1,1,0.6340175867080688
55,1,3,274,32986,32986,0.8290598290598291,0.8366568914956012,0.022655589506030083,1,1,0.6409090757369995
55,1,4,211,3374,3374,0.8376068376068376,0.8457478005865102,0.022306010127067566,1,1,0.644868016242981
55,1,5,983,38542,38542,0.8461538461538461,0.8538123167155425,0.02255845069885254,1,1,0.6167155504226685
55,1,6,464,22369,22369,0.8632478632478633,0.869941348973607,0.022132210433483124,1,1,0.6307917833328247
55,1,7,231,22025,22025,0.8717948717948718,0.8780058651026392,0.022719349712133408,1,1,0.6438416242599487
56,1,1,0,35669,35669,0.7350427350427351,0.7448680351906158,0.002215985208749771,1,1,0.7448680400848389
56,1,2,408,13709,13709,0.7948717948717948,0.8043988269794722,0.006337443366646767,1,1,0.6340175867080688
56,1,3,423,8539,8539,0.811965811965812,0.8215542521994135,0.006354154087603092,1,1,0.633431077003479
56,1,4,175,32986,32986,0.8376068376068376,0.8457478005865102,0.005896568764001131,1,1,0.6489735841751099
56,1,5,37,9738,9738,0.8461538461538461,0.8538123167155425,0.006414495874196291,1,1,0.670087993144989
56,1,6,60,6359,6359,0.8547008547008547,0.8618768328445747,0.006825110875070095,1,1,0.6658357977867126
56,1,7,33,18738,18738,0.8632478632478633,0.869941348973607,0.006960583850741386,1,1,0.6709677577018738
57,1,1,0,35669,35669,0.7435897435897436,0.7529325513196481,-0.0036905270535498857,0,0,0.7529325485229492
57,1,2,84,29128,29128,0.7948717948717948,0.8013196480938416,-0.004169431980699301,0,0,0.6580645442008972
57,1,3,642,8916,8916,0.8290598290598291,0.8356304985337244,-0.0033739281352609396,0,0,0.6247800588607788
57,1,4,472,26585,26585,0.8632478632478633,0.8689149560117302,-0.00307242339476943,0,0,0.6299120187759399
57,1,5,150,32986,32986,0.8717948717948718,0.8769794721407624,-0.0031862978357821703,0,0,0.6489735841751099
57,1,6,399,3871,3871,0.8803418803418803,0.8860703812316715,-0.0027919053100049496,0,0,0.6335777044296265
58,1,1,0,35669,35669,0.7435897435897436,0.7529325513196481,-0.0036905270535498857,0,0,0.7529325485229492
58,1,2,157,29128,29128,0.7948717948717948,0.8013196480938416,-0.0035247732885181904,0,0,0.6499999761581421
58,1,3,882,14236,14236,0.8290598290598291,0.8356304985337244,-0.0037727435119450092,0,0,0.6195014715194702
58,1,4,844,6365,6365,0.8376068376068376,0.8447214076246334,-0.0037583191879093647,0,0,0.620381236076355
58,1,5,212,18285,18285,0.8547008547008547,0.8618768328445747,-0.003932270221412182,0,0,0.6457477807998657
58,1,6,330,29382,29382,0.8632478632478633,0.869941348973607,-0.003583377692848444,0,0,0.6376832723617554
59,0,1,0,35669,35669,0.7350427350427351,0.7473544973544974,-0.0035374120343476534,0,1,0.7473545074462891
59,0,2,113,29128,29128,0.7863247863247863,0.794973544973545,-0.004625874571502209,0,1,0.6521164178848267
59,0,3,954,6365,6365,0.8205128205128205,0.8306878306878307,-0.0050443666987121105,0,1,0.6164020895957947
59,0,4,952,39131,39131,0.8461538461538461,0.8558201058201058,-0.005492487922310829,0,1,0.6164020895957947
59,0,5,433,30620,30620,0.8547008547008547,0.8637566137566137,-0.0057290359400212765,0,1,0.6309523582458496
59,0,6,180,36590,36590,0.8632478632478633,0.8716931216931216,-0.005457267630845308,0,1,0.6455026268959045
59,0,7,24,38926,38926,0.8717948717948718,0.8796296296296297,-0.005638673435896635,0,1,0.6732804179191589
59,0,8,598,18392,18392,0.8803418803418803,0.8875661375661376,-0.006160466931760311,0,1,0.6243386268615723
60,0,1,0,35669,35669,0.7350427350427351,0.7473544973544974,-0.001246485742740333,0,1,0.7473545074462891
60,0,2,69,29128,29128,0.7863247863247863,0.794973544973545,-0.001070633763447404,0,1,0.6613756418228149
60,0,3,587,6365,6365,0.8205128205128205,0.8306878306878307,-0.0005999236600473523,0,1,0.6256613731384277
60,0,4,586,39131,39131,0.8461538461538461,0.8558201058201058,-0.0002033653436228633,0,1,0.6256613731384277
60,0,5,387,20561,20561,0.8547008547008547,0.8637566137566137,0.000381052668672055,1,0,0.6335979104042053
60,0,6,383,26585,26585,0.8717948717948718,0.8796296296296297,0.0002457053051330149,1,0,0.6335979104042053
60,0,7,37,9738,9738,0.8803418803418803,0.8875661375661376,-3.705098060891032e-05,0,1,0.670634925365448
60,0,8,263,34649,34649,0.8888888888888888,0.8955026455026456,-0.0005795874167233706,0,1,0.6415343880653381
60,0,9,363,21714,21714,0.8974358974358975,0.9047619047619048,0.0003670104197226465,1,0,0.6349206566810608
60,0,10,986,19557,19557,0.9145299145299145,0.9206349206349207,0.0002906312874983996,1,0,0.6164020895957947
60,0,11,151,27774,27774,0.9316239316239316,0.9365079365079365,0.0002486743906047195,1,0,0.6494709253311157
60,0,12,436,37367,37367,0.9401709401709402,0.9444444444444444,0.0012585357762873173,1,0,0.6309523582458496
61,0,1,0,35669,35669,0.7350427350427351,0.7473544973544974,-0.004660448059439659,0,1,0.7473545074462891
61,0,2,64,29128,29128,0.7863247863247863,0.794973544973545,-0.0038300107698887587,0,1,0.6613756418228149
61,0,3,598,6365,6365,0.8205128205128205,0.8306878306878307,-0.0033593005500733852,0,1,0.6256613731384277
61,0,4,902,37075,37075,0.8461538461538461,0.8558201058201058,-0.0022098408080637455,0,1,0.6177248954772949
61,0,5,13,36380,36380,0.8547008547008547,0.8637566137566137,-0.0024823397397994995,0,1,0.6785714030265808
61,0,6,507,15230,15230,0.8632478632478633,0.8716931216931216,-0.002478749491274357,0,1,0.6296296119689941
61,0,7,566,33380,33380,0.8717948717948718,0.8796296296296297,-0.001855132170021534,0,1,0.6269841194152832
62,0,1,0,35669,35669,0.7350427350427351,0.7473544973544974,-0.001246485742740333,0,1,0.7473545074462891
62,0,2,113,29128,29128,0.7863247863247863,0.794973544973545,-0.0017102670390158892,0,1,0.6521164178848267
62,0,3,527,8916,8916,0.8205128205128205,0.8293650793650793,-0.002126453211531043,0,1,0.6269841194152832
62,0,4,377,26585,26585,0.8547008547008547,0.8624338624338623,-0.0026952610351145267,0,1,0.6335979104042053
62,0,5,150,33217,33217,0.8632478632478633,0.8703703703703703,-0.0031305451411753893,0,1,0.6481481194496155
62,0,6,439,3871,3871,0.8717948717948718,0.8796296296296297,-0.003560425480827689,0,1,0.6309523582458496
63,0,1,0,35669,35669,0.7350427350427351,0.7473544973544974,-7.859426114009693e-05,0,1,0.7473545074462891
63,0,2,281,13709,13709,0.7948717948717948,0.8068783068783069,-0.0002761246869340539,0,1,0.6388888955116272
63,0,3,530,8539,8539,0.811965811965812,0.8240740740740741,-0.0006724460981786251,0,1,0.6283068656921387
63,0,4,232,32986,32986,0.8376068376068376,0.8478835978835979,-0.0007826612563803792,0,1,0.6428571343421936
63,0,5,37,9738,9738,0.8461538461538461,0.8558201058201058,-0.0010654175421223044,0,1,0.670634925365448
63,0,6,821,15230,15230,0.8632478632478633,0.8716931216931216,-0.0013588190777227283,0,1,0.6203703880310059
63,0,7,234,1424,1424,0.8717948717948718,0.8796296296296297,-0.0015775753417983651,0,1,0.6428571343421936
64,1,1,0,35669,35669,0.7435897435897436,0.7529325513196481,-0.00010759738506749272,0,0,0.7529325485229492
64,1,2,94,29128,29128,0.7948717948717948,0.8013196480938416,-0.001244168495759368,0,0,0.6580645442008972
64,1,3,539,6365,6365,0.8290598290598291,0.8366568914956012,-0.0016787564381957054,0,0,0.6284457445144653
64,1,4,332,29382,29382,0.8547008547008547,0.8618768328445747,-0.0013298640260472894,0,0,0.6376832723617554
64,1,5,29,19815,19815,0.8632478632478633,0.869941348973607,-0.0015202243812382221,0,0,0.6741935610771179
64,1,6,33,38926,38926,0.8717948717948718,0.8780058651026392,-0.0013206925941631198,0,0,0.6721407771110535
64,1,7,62,25129,25129,0.8803418803418803,0.8860703812316715,-0.0012751533649861813,0,0,0.6639296412467957
64,1,8,869,9387,9387,0.8888888888888888,0.8941348973607037,-0.0007360348245128989,0,0,0.6196480989456177
64,1,9,747,16434,16434,0.8974358974358975,0.9021994134897361,2.9083399567753077e-05,1,1,0.6225806474685669
64,1,10,432,8916,8916,0.905982905982906,0.9102639296187683,-0.00040071160765364766,0,0,0.6328445672988892
64,1,11,422,8539,8539,0.905982905982906,0.9112903225806452,-0.00038400068297050893,0,0,0.633431077003479
64,1,12,958,27809,27809,0.9230769230769231,0.9274193548387097,-0.0009719304507598281,0,0,0.6177419424057007
64,1,13,40,11412,11412,0.9316239316239316,0.935483870967742,-0.00042586587369441986,0,0,0.6690616011619568
64,1,14,582,8253,8253,0.9401709401709402,0.9435483870967742,-0.0003336804802529514,0,0,0.6266862154006958
65,0,1,0,35669,35669,0.7350427350427351,0.7473544973544974,-7.859426114009693e-05,0,1,0.7473545074462891
65,0,2,317,13709,13709,0.7948717948717948,0.8068783068783069,-0.0002761246869340539,0,1,0.6388888955116272
65,0,3,355,8539,8539,0.811965811965812,0.8240740740740741,-0.00025556402397342026,0,1,0.6375661492347717
65,0,4,257,32986,32986,0.8376068376068376,0.8478835978835979,-0.0003657791530713439,0,1,0.6428571343421936
65,0,5,36,9738,9738,0.8461538461538461,0.8558201058201058,-0.0006485354388132691,0,1,0.670634925365448
65,0,6,541,15230,15230,0.8632478632478633,0.8716931216931216,-0.0006449450738728046,0,1,0.6296296119689941
65,0,7,240,18310,18310,0.8717948717948718,0.8796296296296297,-0.0004587171715684235,0,1,0.6441798806190491
66,0,1,0,35669,35669,0.7350427350427351,0.7473544973544974,-7.859426114009693e-05,0,1,0.7473545074462891
66,0,2,73,29128,29128,0.7948717948717948,0.8042328042328042,0.004993346054106951,1,0,0.6613756418228149
66,0,3,567,8916,8916,0.8290598290598291,0.8386243386243386,0.003976679872721434,1,0,0.6269841194152832
66,0,4,399,26585,26585,0.8632478632478633,0.8716931216931216,0.00340787204913795,1,0,0.6335979104042053
66,0,5,131,32986,32986,0.8717948717948718,0.8796296296296297,0.0036337238270789385,1,0,0.6521164178848267
66,0,6,467,3871,3871,0.8803418803418803,0.8888888888888888,0.0032038434874266386,1,0,0.6309523582458496
66,0,7,429,28860,28860,0.8888888888888888,0.8968253968253967,0.003003912279382348,1,0,0.6322751045227051
67,0,1,0,35669,35669,0.7350427350427351,0.7473544973544974,-0.0012464855099096894,0,1,0.7473545074462891
67,0,2,76,29128,29128,0.7863247863247863,0.794973544973545,-0.001070633647032082,0,1,0.6613756418228149
67,0,3,45,5552,5552,0.8205128205128205,0.8293650793650793,0.0004388864617794752,1,0,0.6693121790885925
67,0,4,985,37075,37075,0.8376068376068376,0.8465608465608465,0.0012000352144241333,1,0,0.6177248954772949
67,0,5,175,2411,2411,0.8461538461538461,0.8544973544973544,0.0012277222704142332,1,0,0.6494709253311157
67,0,6,94,27774,27774,0.8632478632478633,0.8703703703703703,0.0029976104851812124,1,0,0.658730149269104
67,0,7,227,26659,26659,0.8803418803418803,0.8849206349206349,0.0021089462097734213,1,0,0.6441798806190491
67,0,8,324,4920,4920,0.8974358974358975,0.9021164021164021,0.0025904830545186996,1,0,0.6388888955116272
67,0,9,917,2208,2208,0.905982905982906,0.9113756613756614,0.0031064816284924746,1,0,0.6190476417541504
67,0,10,631,21714,21714,0.9145299145299145,0.9206349206349207,0.002548945602029562,1,0,0.6256613731384277
67,0,11,176,9312,9312,0.9230769230769231,0.9285714285714286,0.0022074845619499683,1,0,0.6494709253311157
67,0,12,509,9387,9387,0.9316239316239316,0.9365079365079365,0.002776075853034854,1,0,0.6296296119689941
67,0,13,594,33601,33601,0.9401709401709402,0.9444444444444444,0.004085088148713112,1,0,0.6269841194152832
67,0,14,858,37053,37053,0.9487179487179487,0.9523809523809523,0.004732057452201843,1,0,0.6203703880310059
67,0,15,970,19975,19975,0.9572649572649573,0.9603174603174602,0.00601802347227931,1,0,0.6177248954772949
67,0,16,41,9738,9738,0.9658119658119658,0.9682539682539683,0.005343194119632244,1,0,0.670634925365448
68,0,1,0,35669,35669,0.7350427350427351,0.7473544973544974,-0.002399425022304058,0,1,0.7473545074462891
68,0,2,126,29128,29128,0.7863247863247863,0.794973544973545,-0.0028632062021642923,0,1,0.6521164178848267
68,0,3,605,6365,6365,0.8205128205128205,0.8306878306878307,-0.002392495982348919,0,1,0.6256613731384277
68,0,4,603,39131,39131,0.8461538461538461,0.8558201058201058,-0.00012715510092675686,0,1,0.6256613731384277
68,0,5,935,37075,37075,0.8547008547008547,0.8637566137566137,0.00026063501718454063,1,0,0.6177248954772949
68,0,6,349,36590,36590,0.8632478632478633,0.8716931216931216,8.361856453120708e-05,1,0,0.6362434029579163
68,0,7,450,30620,30620,0.8717948717948718,0.8796296296296297,-0.00015292962780222297,0,1,0.6309523582458496
68,0,8,61,20900,20900,0.8803418803418803,0.8875661375661376,0.00039661367191001773,1,0,0.6640211343765259
69,0,1,0,35669,35669,0.7350427350427351,0.7473544973544974,-0.002399425022304058,0,1,0.7473545074462891
69,0,2,68,29128,29128,0.7863247863247863,0.794973544973545,-0.0015689877327531576,0,1,0.6613756418228149
69,0,3,604,6365,6365,0.8205128205128205,0.8306878306878307,-0.001550354645587504,0,1,0.6256613731384277
69,0,4,200,29382,29382,0.8461538461538461,0.8558201058201058,-0.001550354529172182,0,1,0.6455026268959045
69,0,5,385,18310,18310,0.8632478632478633,0.8716931216931216,-0.0015819494146853685,0,1,0.6349206566810608
69,0,6,887,29247,29247,0.8717948717948718,0.8796296296296297,-0.002101978985592723,0,1,0.6190476417541504
69,0,7,503,15230,15230,0.8803418803418803,0.8875661375661376,-0.0020983887370675802,0,1,0.6296296119689941
70,1,1,0,35669,35669,0.7435897435897436,0.7529325513196481,-0.00010759738506749272,0,0,0.7529325485229492
70,1,2,400,13709,13709,0.7948717948717948,0.8043988269794722,0.00401386059820652,1,1,0.6340175867080688
70,1,3,413,8539,8539,0.811965811965812,0.8215542521994135,0.004446192178875208,1,1,0.633431077003479
70,1,4,273,32986,32986,0.8376068376068376,0.8457478005865102,0.004663021303713322,1,1,0.6409090757369995
70,1,5,956,11158,11158,0.8547008547008547,0.8618768328445747,0.004236781038343906,1,1,0.6175953149795532
70,1,6,673,36169,36169,0.8717948717948718,0.8780058651026392,0.0041031064465641975,1,1,0.6237536668777466
71,0,1,0,35669,35669,0.7350427350427351,0.7473544973544974,-0.002399425022304058,0,1,0.7473545074462891
71,0,2,130,29128,29128,0.7863247863247863,0.794973544973545,-0.0028632062021642923,0,1,0.6521164178848267
71,0,3,572,8916,8916,0.8205128205128205,0.8293650793650793,-0.0032793923746794462,0,1,0.6269841194152832
71,0,4,407,26585,26585,0.8547008547008547,0.8624338624338623,-0.00384820019826293,0,1,0.6335979104042053
71,0,5,132,32986,32986,0.8632478632478633,0.8703703703703703,-0.0032713296823203564,0,1,0.6521164178848267
71,0,6,291,3871,3871,0.8717948717948718,0.8796296296296297,-0.0031457720324397087,0,1,0.6402116417884827
71,0,7,261,28860,28860,0.8803418803418803,0.8875661375661376,-0.0025308888871222734,0,1,0.6415343880653381
72,0,1,0,35669,35669,0.7350427350427351,0.7473544973544974,-0.0035374120343476534,0,1,0.7473545074462891
72,0,2,116,29128,29128,0.7863247863247863,0.794973544973545,-0.004625874571502209,0,1,0.6521164178848267
72,0,3,544,8916,8916,0.8205128205128205,0.8293650793650793,-0.005042060744017363,0,1,0.6269841194152832
72,0,4,389,26585,26585,0.8547008547008547,0.8624338624338623,-0.00561086880043149,0,1,0.6335979104042053
72,0,5,161,33217,33217,0.8632478632478633,0.8703703703703703,-0.005680142901837826,0,1,0.6481481194496155
72,0,6,453,3871,3871,0.8717948717948718,0.8796296296296297,-0.00583977997303009,0,1,0.6309523582458496
73,0,1,0,35669,35669,0.7350427350427351,0.7473544973544974,-0.001246485742740333,0,1,0.7473545074462891
73,0,2,130,29128,29128,0.7863247863247863,0.794973544973545,-0.0017102670390158892,0,1,0.6521164178848267
73,0,3,353,8916,8916,0.8205128205128205,0.8293650793650793,-0.0015110214008018374,0,1,0.6362434029579163
73,0,4,403,26585,26585,0.8547008547008547,0.8624338624338623,-0.0016463687643408775,0,1,0.6335979104042053
73,0,5,97,33217,33217,0.8632478632478633,0.8703703703703703,-0.001334681175649166,0,1,0.6574074029922485
73,0,6,467,3871,3871,0.8717948717948718,0.8796296296296297,-0.0014943184796720743,0,1,0.6309523582458496
74,0,1,0,35669,35669,0.7350427350427351,0.7473544973544974,-0.001246485742740333,0,1,0.7473545074462891
74,0,2,126,35691,35691,0.7948717948717948,0.8002645502645502,0.001222713035531342,1,0,0.6521164178848267
74,0,3,613,6365,6365,0.8290598290598291,0.8373015873015872,0.0012413461226969957,1,0,0.6256613731384277
74,0,4,199,25980,25980,0.8632478632478633,0.8677248677248677,0.0006404399173334241,1,0,0.6455026268959045
74,0,5,510,19388,19388,0.8632478632478633,0.8690476190476191,0.00021502835443243384,1,0,0.6296296119689941
74,0,6,883,17731,17731,0.8803418803418803,0.8862433862433863,-0.0009046766790561378,0,1,0.6190476417541504
74,0,7,268,23631,23631,0.8888888888888888,0.8941798941798942,-0.0010715699754655361,0,1,0.6415343880653381
75,0,1,0,35669,35669,0.7350427350427351,0.7473544973544974,-7.859426114009693e-05,0,1,0.7473545074462891
75,0,2,293,13709,13709,0.7948717948717948,0.8068783068783069,-0.0002761246869340539,0,1,0.6388888955116272
75,0,3,326,8539,8539,0.811965811965812,0.8240740740740741,-0.00025556402397342026,0,1,0.6375661492347717
75,0,4,161,35433,35433,0.8376068376068376,0.8478835978835979,0.000245116330916062,1,0,0.6481481194496155
75,0,5,847,34404,34404,0.8547008547008547,0.8637566137566137,-0.0002999895077664405,0,1,0.6190476417541504
75,0,6,934,2166,2166,0.8632478632478633,0.873015873015873,-0.0008039603708311915,0,1,0.6177248954772949
75,0,7,380,26585,26585,0.8803418803418803,0.8888888888888888,-0.001372768310829997,0,1,0.6335979104042053
75,0,8,406,28860,28860,0.8888888888888888,0.8968253968253967,-0.0015726994024589658,0,1,0.6322751045227051
75,0,9,222,7136,7136,0.905982905982906,0.9126984126984127,-0.0025427942164242268,0,1,0.6428571343421936
75,0,10,705,10773,10773,0.9145299145299145,0.9206349206349207,-0.003326315898448229,0,1,0.6216931343078613
75,0,11,791,15230,15230,0.9230769230769231,0.9285714285714286,-0.0036197174340486526,0,1,0.6203703880310059
75,0,12,616,20561,20561,0.9316239316239316,0.9365079365079365,-0.0040934705175459385,0,1,0.6243386268615723
76,1,1,0,35669,35669,0.7435897435897436,0.7529325513196481,-0.0036905270535498857,0,0,0.7529325485229492
76,1,2,144,29128,29128,0.7948717948717948,0.8013196480938416,-0.0035247732885181904,0,0,0.6499999761581421
76,1,3,416,8916,8916,0.8290598290598291,0.8356304985337244,-0.003954568412154913,0,0,0.6328445672988892
76,1,4,308,26585,26585,0.8632478632478633,0.8689149560117302,-0.004550166893750429,0,0,0.6379765272140503
76,1,5,158,32986,32986,0.8717948717948718,0.8769794721407624,-0.004664041101932526,0,0,0.6489735841751099
76,1,6,407,3871,3871,0.8803418803418803,0.8860703812316715,-0.004543093964457512,0,0,0.6335777044296265
76,1,7,458,28860,28860,0.8888888888888888,0.8941348973607037,-0.003964077215641737,0,0,0.6307917833328247
77,0,1,0,35669,35669,0.7350427350427351,0.7473544973544974,-0.004660448059439659,0,1,0.7473545074462891
77,0,2,124,29128,29128,0.7863247863247863,0.794973544973545,-0.005748910829424858,0,1,0.6521164178848267
77,0,3,587,6365,6365,0.8205128205128205,0.8306878306878307,-0.004811171442270279,0,1,0.6256613731384277
77,0,4,197,29382,29382,0.8547008547008547,0.8637566137566137,-0.0044448478147387505,0,1,0.6455026268959045
77,0,5,39,18738,18738,0.8632478632478633,0.8716931216931216,-0.004543527960777283,0,1,0.6693121790885925
78,1,1,0,35669,35669,0.7435897435897436,0.7529325513196481,-0.001288900151848793,0,0,0.7529325485229492
78,1,2,782,12445,12445,0.7948717948717948,0.8013196480938416,-0.001476723118685186,0,0,0.6208211183547974
78,1,3,375,8253,8253,0.8290598290598291,0.8366568914956012,-0.0019630249589681625,0,0,0.6347507238388062
78,1,4,881,37634,37634,0.8632478632478633,0.869941348973607,-0.0019884295761585236,0,0,0.6187683343887329
78,1,5,516,6365,6365,0.8717948717948718,0.8790322580645161,-0.002423017518594861,0,0,0.6284457445144653
78,1,6,320,9641,9641,0.8888888888888888,0.8951612903225806,-0.002477232599630952,0,0,0.6376832723617554
78,1,7,165,4187,4187,0.8974358974358975,0.9032258064516129,-0.0014437619829550385,0,0,0.6479471921920776
78,1,8,702,35335,35335,0.905982905982906,0.9112903225806452,-0.0012539596064016223,0,0,0.6227272748947144
78,1,9,523,23655,23655,0.9145299145299145,0.9193548387096775,-0.0018008968327194452,0,0,0.6278592348098755
78,1,10,457,28860,28860,0.9230769230769231,0.9274193548387097,-0.0004884551744908094,0,0,0.6307917833328247
78,1,11,837,9387,9387,0.9316239316239316,0.935483870967742,-0.000356046250090003,0,0,0.6196480989456177
78,1,12,686,14546,14546,0.9401709401709402,0.9435483870967742,-0.0004611406766343862,0,0,0.6228739023208618
79,0,1,0,35669,35669,0.7435897435897436,0.7566137566137566,0.0011042486876249313,1,0,0.7566137313842773
79,0,2,124,29128,29128,0.8034188034188035,0.8108465608465609,0.0006404673331417143,1,0,0.6521164178848267
79,0,3,545,8916,8916,0.8290598290598291,0.8386243386243386,0.00022428113152273,1,0,0.6269841194152832
79,0,4,387,26585,26585,0.8547008547008547,0.8624338624338623,-0.0003445267502684146,0,1,0.6335979104042053
79,0,5,172,33217,33217,0.8632478632478633,0.8703703703703703,-0.0007798108272254467,0,1,0.6481481194496155
79,0,6,448,3871,3871,0.8717948717948718,0.8796296296296297,-0.0014649820514023304,0,1,0.6309523582458496
80,0,1,0,35669,35669,0.7435897435897436,0.7566137566137566,0.0023020438384264708,1,0,0.7566137313842773
80,0,2,287,13709,13709,0.8034188034188035,0.8161375661375662,0.0021045133471488953,1,0,0.6388888955116272
80,0,3,318,8539,8539,0.8205128205128205,0.8333333333333333,0.002556907944381237,1,0,0.6375661492347717
80,0,4,133,31183,31183,0.8461538461538461,0.8571428571428572,0.002956000855192542,1,0,0.6507936716079712
80,0,5,297,9694,9694,0.8632478632478633,0.873015873015873,0.002533779013901949,1,0,0.6388888955116272
80,0,6,150,2411,2411,0.8717948717948718,0.8809523809523809,0.0035107501316815615,1,0,0.6494709253311157
80,0,7,47,19815,19815,0.8803418803418803,0.8888888888888888,0.002893970813602209,1,0,0.6679894328117371
80,0,8,933,29863,29863,0.8974358974358975,0.9047619047619048,0.0029793507419526577,1,0,0.6177248954772949
80,0,9,68,25129,25129,0.905982905982906,0.9126984126984127,0.00275341235101223,1,0,0.6626983880996704
81,0,1,0,35669,35669,0.7350427350427351,0.7473544973544974,-0.002399425022304058,0,1,0.7473545074462891
81,0,2,122,29128,29128,0.7863247863247863,0.794973544973545,-0.0034878875594586134,0,1,0.6521164178848267
81,0,3,625,6365,6365,0.8205128205128205,0.8306878306878307,-0.002550148405134678,0,1,0.6256613731384277
81,0,4,200,29382,29382,0.8461538461538461,0.8558201058201058,-0.0025501481723040342,0,1,0.6455026268959045
81,0,5,222,18310,18310,0.8632478632478633,0.8716931216931216,-0.002363920211791992,0,1,0.6441798806190491
81,0,6,891,29247,29247,0.8717948717948718,0.8796296296296297,-0.0028839497826993465,0,1,0.6190476417541504
81,0,7,835,15230,15230,0.8803418803418803,0.8875661375661376,-0.0031773513182997704,0,1,0.6203703880310059
82,0,1,0,35669,35669,0.7435897435897436,0.7566137566137566,0.0011042486876249313,1,0,0.7566137313842773
82,0,2,118,29128,29128,0.8034188034188035,0.8108465608465609,1.5786150470376015e-05,1,0,0.6521164178848267
82,0,3,541,8916,8916,0.8205128205128205,0.8293650793650793,-0.0004004000511486083,0,1,0.6269841194152832
82,0,4,383,26585,26585,0.8547008547008547,0.8624338624338623,-0.0005357474437914789,0,1,0.6335979104042053
82,0,5,160,33217,33217,0.8632478632478633,0.8703703703703703,-0.0009710314916446805,0,1,0.6481481194496155
82,0,6,449,3871,3871,0.8717948717948718,0.8796296296296297,-0.0014009117148816586,0,1,0.6309523582458496
83,0,1,0,35669,35669,0.7350427350427351,0.7473544973544974,-0.005768530536442995,0,1,0.7473545074462891
83,0,2,69,29128,29128,0.7863247863247863,0.794973544973545,-0.004938093014061451,0,1,0.6613756418228149
83,0,3,555,34404,34404,0.8290598290598291,0.8373015873015872,-0.004310742020606995,0,1,0.6283068656921387
83,0,4,667,34127,34127,0.8461538461538461,0.8531746031746031,-0.004623514134436846,0,1,0.6243386268615723
83,0,5,212,29382,29382,0.8632478632478633,0.8690476190476191,-0.004623514134436846,0,1,0.6455026268959045
83,0,6,253,7748,7748,0.8717948717948718,0.8783068783068783,-0.004657464567571878,0,1,0.6428571343421936
83,0,7,263,16878,16878,0.8803418803418803,0.8875661375661376,-0.0050039878115057945,0,1,0.6415343880653381
83,0,8,640,29462,29462,0.8974358974358975,0.9034391534391535,-0.0056382641196250916,0,1,0.6256613731384277
84,0,1,0,35669,35669,0.7435897435897436,0.7566137566137566,0.0011042486876249313,1,0,0.7566137313842773
84,0,2,133,29128,29128,0.8034188034188035,0.8108465608465609,0.0006404673331417143,1,0,0.6521164178848267
84,0,3,655,6365,6365,0.8290598290598291,0.8386243386243386,0.0006591003620997071,1,0,0.6256613731384277
84,0,4,652,12445,12445,0.8547008547008547,0.8637566137566137,0.001065551768988371,1,0,0.6256613731384277
84,0,5,9,38926,38926,0.8632478632478633,0.8716931216931216,0.0012725742999464273,1,0,0.682539701461792
85,0,1,0,35669,35669,0.7350427350427351,0.7473544973544974,-0.001246485742740333,0,1,0.7473545074462891
85,0,2,152,29128,29128,0.7863247863247863,0.794973544973545,-0.0023349481634795666,0,1,0.6521164178848267
85,0,3,683,6365,6365,0.8290598290598291,0.8386243386243386,-0.001864238060079515,0,1,0.6256613731384277
85,0,4,224,29382,29382,0.8547008547008547,0.8624338624338623,-0.0007204110734164715,0,1,0.6455026268959045
85,0,5,67,25129,25129,0.8632478632478633,0.8716931216931216,-0.0009463494643568993,0,1,0.6626983880996704
86,0,1,0,35669,35669,0.7350427350427351,0.7473544973544974,-0.0035374120343476534,0,1,0.7473545074462891
86,0,2,134,29128,29128,0.7863247863247863,0.794973544973545,-0.004001193214207888,0,1,0.6521164178848267
86,0,3,631,6365,6365,0.8205128205128205,0.8306878306878307,-0.0030634538270533085,0,1,0.6256613731384277
86,0,4,212,29382,29382,0.8547008547008547,0.8637566137566137,-0.0023158546537160873,0,1,0.6455026268959045
86,0,5,43,18738,18738,0.8632478632478633,0.8716931216931216,-0.002639960730448365,0,1,0.6693121790885925
87,0,1,0,35669,35669,0.7350427350427351,0.7473544973544974,-7.859426114009693e-05,0,1,0.7473545074462891
87,0,2,290,13709,13709,0.7948717948717948,0.8068783068783069,-0.0011641219025477767,0,1,0.6388888955116272
87,0,3,529,8539,8539,0.811965811965812,0.8240740740740741,-0.001560443313792348,0,1,0.6283068656921387
87,0,4,126,32986,32986,0.8376068376068376,0.8478835978835979,-0.0013345915358513594,0,1,0.6521164178848267
87,0,5,539,12372,12372,0.8547008547008547,0.8637566137566137,-0.0006540958420373499,0,1,0.6283068656921387
87,0,6,359,18285,18285,0.8632478632478633,0.8716931216931216,-0.0008169900393113494,0,1,0.6362434029579163
87,0,7,752,28301,28301,0.8717948717948718,0.8796296296296297,-0.0006258410285227001,0,1,0.6216931343078613
87,0,8,652,27667,27667,0.8803418803418803,0.8875661375661376,-0.00038834905717521906,0,1,0.6243386268615723
87,0,9,188,21609,21609,0.8974358974358975,0.9034391534391535,-0.0002184699842473492,0,1,0.64682537317276
87,0,10,163,1738,1738,0.905982905982906,0.9113756613756614,-0.0006393312360160053,0,1,0.6494709253311157
87,0,11,580,2166,2166,0.905982905982906,0.9126984126984127,-0.0005784581881016493,0,1,0.6269841194152832
87,0,12,278,30469,30469,0.9145299145299145,0.9206349206349207,-0.0016992819728329778,0,1,0.6402116417884827
88,0,1,0,35669,35669,0.7350427350427351,0.7473544973544974,-0.0035374120343476534,0,1,0.7473545074462891
88,0,2,120,29128,29128,0.7863247863247863,0.794973544973545,-0.004001193214207888,0,1,0.6521164178848267
88,0,3,517,8916,8916,0.8205128205128205,0.8293650793650793,-0.0044173793867230415,0,1,0.6269841194152832
88,0,4,371,26585,26585,0.8547008547008547,0.8624338624338623,-0.00455272663384676,0,1,0.6335979104042053
88,0,5,123,32986,32986,0.8632478632478633,0.8703703703703703,-0.003975856117904186,0,1,0.6521164178848267
88,0,6,437,3871,3871,0.8717948717948718,0.8796296296296297,-0.004405736457556486,0,1,0.6309523582458496
88,0,7,400,28860,28860,0.8803418803418803,0.8875661375661376,-0.004990646615624428,0,1,0.6322751045227051
89,0,1,0,35669,35669,0.7350427350427351,0.7473544973544974,-0.001246485742740333,0,1,0.7473545074462891
89,0,2,141,29128,29128,0.7863247863247863,0.794973544973545,-0.0017102670390158892,0,1,0.6521164178848267
89,0,3,578,8916,8916,0.8205128205128205,0.8293650793650793,-0.0027269329875707626,0,1,0.6269841194152832
89,0,4,399,26585,26585,0.8547008547008547,0.8624338624338623,-0.0032957408111542463,0,1,0.6335979104042053
89,0,5,184,33217,33217,0.8632478632478633,0.8703703703703703,-0.003365014912560582,0,1,0.6481481194496155
89,0,6,471,3871,3871,0.8717948717948718,0.8796296296296297,-0.0035246522165834904,0,1,0.6309523582458496
90,0,1,0,35669,35669,0.7350427350427351,0.7473544973544974,-0.001246485742740333,0,1,0.7473545074462891
90,0,2,127,29128,29128,0.7863247863247863,0.794973544973545,-0.0023349481634795666,0,1,0.6521164178848267
90,0,3,189,34941,34941,0.8205128205128205,0.8293650793650793,0.008524524047970772,1,0,0.64682537317276
90,0,4,408,26585,26585,0.8461538461538461,0.8544973544973544,0.007955715991556644,1,0,0.6335979104042053
90,0,5,41,11412,11412,0.8547008547008547,0.8624338624338623,0.0073329247534275055,1,0,0.6693121790885925
90,0,6,338,16805,16805,0.8632478632478633,0.8716931216931216,0.007344980724155903,1,0,0.6375661492347717
90,0,7,87,25035,25035,0.8717948717948718,0.8796296296296297,0.006920088082551956,1,0,0.658730149269104
90,0,8,405,34127,34127,0.8803418803418803,0.8875661375661376,0.007078655995428562,1,0,0.6335979104042053
91,0,1,0,35669,35669,0.7350427350427351,0.7473544973544974,-0.0035374120343476534,0,1,0.7473545074462891
91,0,2,118,29128,29128,0.7863247863247863,0.794973544973545,-0.004625874571502209,0,1,0.6521164178848267
91,0,3,340,8916,8916,0.8205128205128205,0.8293650793650793,-0.004426628816872835,0,1,0.6362434029579163
91,0,4,391,26585,26585,0.8547008547008547,0.8624338624338623,-0.0049954368732869625,0,1,0.6335979104042053
91,0,5,162,33217,33217,0.8632478632478633,0.8703703703703703,-0.005430720746517181,0,1,0.6481481194496155
91,0,6,458,3871,3871,0.8717948717948718,0.8796296296296297,-0.005860601086169481,0,1,0.6309523582458496
92,0,1,0,35669,35669,0.7350427350427351,0.7473544973544974,-0.001246485742740333,0,1,0.7473545074462891
92,0,2,126,29128,29128,0.7863247863247863,0.794973544973545,-0.0023349481634795666,0,1,0.6521164178848267
92,0,3,612,6365,6365,0.8290598290598291,0.8386243386243386,-0.0013972088927403092,0,1,0.6256613731384277
92,0,4,817,15230,15230,0.8461538461538461,0.8544973544973544,-0.001690610428340733,0,1,0.6203703880310059
92,0,5,399,26585,26585,0.8547008547008547,0.8624338624338623,-0.0022594183683395386,0,1,0.6335979104042053
92,0,6,253,28860,28860,0.8717948717948718,0.8796296296296297,-0.0020594182424247265,0,1,0.6415343880653381
92,0,7,9,38926,38926,0.8803418803418803,0.8875661375661376,-0.00185239571146667,0,1,0.682539701461792
93,1,1,0,35669,35669,0.7350427350427351,0.7448680351906158,0.0033582663163542747,1,1,0.7448680400848389
93,1,2,137,29128,29128,0.7863247863247863,0.7932551319648093,0.00352402008138597,1,1,0.6499999761581421
93,1,3,398,8916,8916,0.8205128205128205,0.8275659824046921,0.0024620648473501205,1,1,0.6328445672988892
93,1,4,465,26585,26585,0.8547008547008547,0.8608504398826979,0.004401687998324633,1,1,0.6299120187759399
93,1,5,105,33217,33217,0.8632478632478633,0.8689149560117302,0.003944726660847664,1,1,0.6530791521072388
93,1,6,387,3871,3871,0.8717948717948718,0.8780058651026392,0.004339118953794241,1,1,0.6335777044296265
94,0,1,0,35669,35669,0.7350427350427351,0.7473544973544974,-0.002399425022304058,0,1,0.7473545074462891
94,0,2,133,29128,29128,0.7863247863247863,0.794973544973545,-0.002863206434994936,0,1,0.6521164178848267
94,0,3,632,6365,6365,0.8205128205128205,0.8306878306878307,-0.002844573464244604,0,1,0.6256613731384277
94,0,4,955,37075,37075,0.8461538461538461,0.8544973544973544,-0.002815190004184842,0,1,0.6177248954772949
94,0,5,14,36380,36380,0.8547008547008547,0.8637566137566137,-0.003087688935920596,0,1,0.6785714030265808
94,0,6,520,15230,15230,0.8632478632478633,0.8716931216931216,-0.0030840986873954535,0,1,0.6296296119689941
94,0,7,592,33380,33380,0.8717948717948718,0.8796296296296297,-0.0028444414492696524,0,1,0.6269841194152832
95,0,1,0,35669,35669,0.7350427350427351,0.7473544973544974,-7.859426114009693e-05,0,1,0.7473545074462891
95,0,2,288,13709,13709,0.7948717948717948,0.8068783068783069,-0.0020371670834720135,0,1,0.6388888955116272
95,0,3,321,8539,8539,0.811965811965812,0.8240740740740741,-0.0015847724862396717,0,1,0.6375661492347717
95,0,4,126,32986,32986,0.8376068376068376,0.8478835978835979,-0.0010079018538817763,0,1,0.6521164178848267
95,0,5,34,9738,9738,0.8461538461538461,0.8558201058201058,-0.0012906581396237016,0,1,0.670634925365448
95,0,6,296,35433,35433,0.8632478632478633,0.8716931216931216,-0.0016990506555885077,0,1,0.6388888955116272
95,0,7,490,691,691,0.8803418803418803,0.8888888888888888,-0.0018926828633993864,0,1,0.6296296119689941
95,0,8,130,7748,7748,0.8888888888888888,0.8968253968253967,-0.0016734786331653595,0,1,0.6521164178848267
95,0,9,298,9694,9694,0.8974358974358975,0.9047619047619048,-0.0024841090198606253,0,1,0.6388888955116272
95,0,10,277,20234,20234,0.905982905982906,0.9126984126984127,-0.002400291385129094,0,1,0.6402116417884827
95,0,11,279,23634,23634,0.9145299145299145,0.9206349206349207,-0.0022268795873969793,0,1,0.6402116417884827
95,0,12,733,34329,34329,0.9230769230769231,0.9285714285714286,-0.0027046697214245796,0,1,0.6216931343078613
96,0,1,0,35669,35669,0.7350427350427351,0.7473544973544974,-0.002399425022304058,0,1,0.7473545074462891
96,0,2,70,29128,29128,0.7863247863247863,0.794973544973545,-0.002223572926595807,0,1,0.6613756418228149
96,0,3,619,6365,6365,0.8205128205128205,0.8306878306878307,-0.0017528628231957555,0,1,0.6256613731384277
96,0,4,722,38190,38190,0.8376068376068376,0.8465608465608465,-0.0024243160150945187,0,1,0.6230158805847168
96,0,5,50,19815,19815,0.8461538461538461,0.8544973544973544,-0.003041095333173871,0,1,0.6679894328117371
96,0,6,574,8253,8253,0.8717948717948718,0.8796296296296297,-0.004608076065778732,0,1,0.6269841194152832
96,0,7,581,28932,28932,0.8803418803418803,0.8875661375661376,-0.005391508340835571,0,1,0.6269841194152832
96,0,8,553,8539,8539,0.8974358974358975,0.9047619047619048,-0.006948763970285654,0,1,0.6283068656921387
96,0,9,137,28454,28454,0.905982905982906,0.9126984126984127,-0.007697665598243475,0,1,0.6521164178848267
97,0,1,0,35669,35669,0.7350427350427351,0.7473544973544974,-0.002399425022304058,0,1,0.7473545074462891
97,0,2,115,29128,29128,0.7863247863247863,0.794973544973545,-0.002863206434994936,0,1,0.6521164178848267
97,0,3,550,8916,8916,0.8205128205128205,0.8293650793650793,-0.00327939260751009,0,1,0.6269841194152832
97,0,4,394,26585,26585,0.8547008547008547,0.8624338624338623,-0.0038482004310935736,0,1,0.6335979104042053
97,0,5,166,33217,33217,0.8632478632478633,0.8703703703703703,-0.003917474765330553,0,1,0.6481481194496155
97,0,6,286,3871,3871,0.8717948717948718,0.8796296296296297,-0.0034917700104415417,0,1,0.6402116417884827
98,0,1,0,35669,35669,0.7350427350427351,0.7473544973544974,-7.859426114009693e-05,0,1,0.7473545074462891
98,0,2,300,13709,13709,0.7948717948717948,0.8068783068783069,-0.0011641219025477767,0,1,0.6388888955116272
98,0,3,334,8539,8539,0.811965811965812,0.8240740740740741,-0.000711727247107774,0,1,0.6375661492347717
98,0,4,245,32986,32986,0.8376068376068376,0.8478835978835979,-0.0008219423471018672,0,1,0.6428571343421936
98,0,5,552,12372,12372,0.8547008547008547,0.8637566137566137,-0.00014144665328785777,0,1,0.6283068656921387
98,0,6,207,18285,18285,0.8632478632478633,0.8716931216931216,-0.00011648092186078429,0,1,0.6455026268959045
98,0,7,400,34127,34127,0.8717948717948718,0.8796296296296297,4.2087165638804436e-05,1,0,0.6335979104042053
98,0,8,363,30825,30825,0.8888888888888888,0.8955026455026456,-3.4488155506551266e-05,0,1,0.6362434029579163
98,0,9,158,2411,2411,0.8974358974358975,0.9034391534391535,0.00046036497224122286,1,0,0.6494709253311157
98,0,10,473,28342,28342,0.905982905982906,0.9113756613756614,0.003063336480408907,1,0,0.6309523582458496
99,0,1,0,35669,35669,0.7350427350427351,0.7473544973544974,-0.0035374120343476534,0,1,0.7473545074462891
99,0,2,117,29128,29128,0.7863247863247863,0.794973544973545,-0.004001193214207888,0,1,0.6521164178848267
99,0,3,968,6365,6365,0.8205128205128205,0.8306878306878307,-0.0044196853414177895,0,1,0.6164020895957947
99,0,4,969,39131,39131,0.8461538461538461,0.8558201058201058,-0.0052677178755402565,0,1,0.6164020895957947
99,0,5,439,30620,30620,0.8547008547008547,0.8637566137566137,-0.005504265893250704,0,1,0.6309523582458496
99,0,6,185,36590,36590,0.8632478632478633,0.8716931216931216,-0.005232497584074736,0,1,0.6455026268959045
99,0,7,8,38926,38926,0.8717948717948718,0.8796296296296297,-0.005025475285947323,0,1,0.682539701461792
99,0,8,585,38237,38237,0.8803418803418803,0.8875661375661376,-0.004525437485426664,0,1,0.6256613731384277
99,0,9,101,20900,20900,0.8888888888888888,0.8955026455026456,-0.004704670514911413,0,1,0.6547619104385376
100,0,1,0,35669,35669,0.7350427350427351,0.7473544973544974,-7.859426114009693e-05,0,1,0.7473545074462891
100,0,2,296,13709,13709,0.7948717948717948,0.8068783068783069,-0.0011641219025477767,0,1,0.6388888955116272
100,0,3,530,8539,8539,0.811965811965812,0.8240740740740741,-0.001560443313792348,0,1,0.6283068656921387
100,0,4,243,32986,32986,0.8376068376068376,0.8478835978835979,-0.001670658471994102,0,1,0.6428571343421936
100,0,5,14,9738,9738,0.8461538461538461,0.8558201058201058,-0.0011244126362726092,0,1,0.679894208908081
100,0,6,304,35433,35433,0.8632478632478633,0.8716931216931216,-0.0019649136811494827,0,1,0.6388888955116272
100,0,7,489,691,691,0.8803418803418803,0.8888888888888888,-0.0021585458889603615,0,1,0.6296296119689941
100,0,8,132,7748,7748,0.8888888888888888,0.8968253968253967,-0.0019393416587263346,0,1,0.6521164178848267
100,0,9,393,26585,26585,0.8974358974358975,0.9047619047619048,-0.0025081494823098183,0,1,0.6335979104042053
100,0,10,420,28860,28860,0.905982905982906,0.9126984126984127,-0.00309305964037776,0,1,0.6322751045227051
100,0,11,126,7136,7136,0.9145299145299145,0.9206349206349207,-0.0014057490043342113,0,1,0.6521164178848267
100,0,12,84,9312,9312,0.9230769230769231,0.9285714285714286,-0.0002424493432044983,0,1,0.658730149269104
100,0,13,495,15230,15230,0.9316239316239316,0.9365079365079365,-0.00023885900736786425,0,1,0.6296296119689941
101,0,1,0,35669,35669,0.7350427350427351,0.7473544973544974,-7.859426114009693e-05,0,1,0.7473545074462891
101,0,2,320,13709,13709,0.7948717948717948,0.8068783068783069,-0.0002761246869340539,0,1,0.6388888955116272
101,0,3,358,8539,8539,0.811965811965812,0.8240740740740741,-0.00025556402397342026,0,1,0.6375661492347717
101,0,4,174,2411,2411,0.8376068376068376,0.8478835978835979,0.00023928910377435386,1,0,0.6494709253311157
101,0,5,186,35433,35433,0.8547008547008547,0.8637566137566137,0.00027795706409960985,1,0,0.6481481194496155
101,0,6,50,5552,5552,0.8888888888888888,0.8955026455026456,0.0006330581963993609,1,0,0.6693121790885925
101,0,7,959,2208,2208,0.905982905982906,0.9126984126984127,0.0007370150997303426,1,0,0.6190476417541504
101,0,8,268,2368,2368,0.9145299145299145,0.9206349206349207,-0.00016105570830404758,0,1,0.6415343880653381
101,0,9,37,6359,6359,0.9230769230769231,0.9285714285714286,0.00027351186145097017,1,0,0.6719576716423035
101,0,10,905,15230,15230,0.9316239316239316,0.9365079365079365,-1.988967414945364e-05,0,1,0.6203703880310059
102,1,1,0,35669,35669,0.7435897435897436,0.7529325513196481,-0.0024832093622535467,0,0,0.7529325485229492
102,1,2,86,29128,29128,0.7948717948717948,0.8013196480938416,-0.003619780298322439,0,0,0.6580645442008972
102,1,3,415,8916,8916,0.8290598290598291,0.8356304985337244,-0.004681735765188932,0,0,0.6328445672988892
102,1,4,310,26585,26585,0.8632478632478633,0.8689149560117302,-0.0048222788609564304,0,0,0.6379765272140503
102,1,5,117,33217,33217,0.8717948717948718,0.8769794721407624,-0.004894863814115524,0,0,0.6530791521072388
102,1,6,407,3871,3871,0.8803418803418803,0.8860703812316715,-0.0047739166766405106,0,0,0.6335777044296265
103,0,1,0,35669,35669,0.7435897435897436,0.7566137566137566,0.0011042486876249313,1,0,0.7566137313842773
103,0,2,133,29128,29128,0.8034188034188035,0.8108465608465609,0.0006404673331417143,1,0,0.6521164178848267
103,0,3,421,20561,20561,0.8290598290598291,0.835978835978836,0.0012248854618519545,1,0,0.6335979104042053
103,0,4,602,2947,2947,0.8461538461538461,0.8531746031746031,0.004148409701883793,1,0,0.6269841194152832
104,0,1,0,35669,35669,0.7350427350427351,0.7473544973544974,-0.001246485742740333,0,1,0.7473545074462891
104,0,2,757,31747,31747,0.8034188034188035,0.8108465608465609,0.006210452876985073,1,0,0.6216931343078613
104,0,3,219,36590,36590,0.8290598290598291,0.8386243386243386,0.006482221186161041,1,0,0.6455026268959045
104,0,4,345,19401,19401,0.8461538461538461,0.8544973544973544,0.0066049909219145775,1,0,0.6375661492347717
105,0,1,0,35669,35669,0.7350427350427351,0.7473544973544974,-7.859426114009693e-05,0,1,0.7473545074462891
105,0,2,296,13709,13709,0.7948717948717948,0.8068783068783069,-0.0011641219025477767,0,1,0.6388888955116272
105,0,3,330,8539,8539,0.811965811965812,0.8240740740740741,-0.000711727247107774,0,1,0.6375661492347717
105,0,4,121,32986,32986,0.8376068376068376,0.8478835978835979,-0.00013485661474987864,0,1,0.6521164178848267
105,0,5,42,9738,9738,0.8461538461538461,0.8558201058201058,-0.0004176129004918039,0,1,0.670634925365448
105,0,6,305,35433,35433,0.8632478632478633,0.8716931216931216,-0.0012581138871610165,0,1,0.6388888955116272
105,0,7,495,691,691,0.8803418803418803,0.8888888888888888,-0.0014517460949718952,0,1,0.6296296119689941
105,0,8,147,27774,27774,0.8888888888888888,0.8968253968253967,-0.0020677472930401564,0,1,0.6494709253311157
105,0,9,616,19447,19447,0.905982905982906,0.9126984126984127,-0.0022717935498803854,0,1,0.6256613731384277
105,0,10,267,24720,24720,0.9145299145299145,0.9206349206349207,-0.0023823375813663006,0,1,0.6415343880653381
106,0,1,0,35669,35669,0.7350427350427351,0.7473544973544974,-0.0035374120343476534,0,1,0.7473545074462891
106,0,2,68,29128,29128,0.7863247863247863,0.794973544973545,-0.002706974744796753,0,1,0.6613756418228149
106,0,3,621,6365,6365,0.8205128205128205,0.8306878306878307,-0.0017692354740574956,0,1,0.6256613731384277
106,0,4,198,29382,29382,0.8547008547008547,0.8637566137566137,-0.0010216360678896308,0,1,0.6455026268959045
106,0,5,64,25129,25129,0.8632478632478633,0.8716931216931216,-0.0012475744588300586,0,1,0.6626983880996704
107,1,1,0,35669,35669,0.7435897435897436,0.7529325513196481,-0.0024832093622535467,0,0,0.7529325485229492
107,1,2,88,29128,29128,0.7948717948717948,0.8013196480938416,-0.003619780298322439,0,0,0.6580645442008972
107,1,3,609,34404,34404,0.8376068376068376,0.8436950146627566,-0.003794541349634528,0,0,0.6266862154006958
107,1,4,547,15816,15816,0.8461538461538461,0.8517595307917889,-0.00415318226441741,0,0,0.6287389993667603
107,1,5,818,2208,2208,0.8547008547008547,0.8608504398826979,-0.004456768743693829,0,0,0.6214076280593872
107,1,6,478,11807,11807,0.8632478632478633,0.8689149560117302,-0.003919633105397224,0,0,0.6307917833328247
108,0,1,0,35669,35669,0.7350427350427351,0.7473544973544974,-0.001246485742740333,0,1,0.7473545074462891
108,0,2,138,29128,29128,0.7863247863247863,0.794973544973545,-0.0017102670390158892,0,1,0.6521164178848267
108,0,3,602,8916,8916,0.8205128205128205,0.8293650793650793,-0.002126453211531043,0,1,0.6269841194152832
108,0,4,431,26585,26585,0.8547008547008547,0.8624338624338623,-0.0026952610351145267,0,1,0.6335979104042053
108,0,5,111,33217,33217,0.8632478632478633,0.8703703703703703,-0.0019876593723893166,0,1,0.6574074029922485
108,0,6,316,3871,3871,0.8717948717948718,0.8796296296296297,-0.001862101606093347,0,1,0.6402116417884827
109,1,1,0,35669,35669,0.7350427350427351,0.7448680351906158,0.0056038061156868935,1,1,0.7448680400848389
109,1,2,95,29128,29128,0.7863247863247863,0.7932551319648093,0.004467234946787357,1,1,0.6580645442008972
109,1,3,632,8916,8916,0.8205128205128205,0.8275659824046921,0.005262739025056362,1,1,0.6247800588607788
109,1,4,313,26585,26585,0.8547008547008547,0.8608504398826979,0.004667140543460846,1,1,0.6379765272140503
109,1,5,204,33217,33217,0.8632478632478633,0.8689149560117302,0.005324287340044975,1,1,0.6450146436691284
109,1,6,788,2166,2166,0.8717948717948718,0.8780058651026392,0.005667129065841436,1,1,0.6214076280593872
110,1,1,0,35669,35669,0.7350427350427351,0.7448680351906158,0.0033582663163542747,1,1,0.7448680400848389
110,1,2,138,29128,29128,0.7948717948717948,0.8002932551319648,0.005379952490329742,1,1,0.6499999761581421
110,1,3,617,8916,8916,0.8205128205128205,0.8275659824046921,0.009539177641272545,1,1,0.6247800588607788
110,1,4,457,26585,26585,0.8547008547008547,0.8608504398826979,0.00984068214893341,1,1,0.6299120187759399
110,1,5,147,32986,32986,0.8632478632478633,0.8689149560117302,0.009383097290992737,1,1,0.6489735841751099
110,1,6,961,37053,37053,0.8717948717948718,0.8769794721407624,0.009244791232049465,1,1,0.6167155504226685
110,1,7,388,3871,3871,0.8717948717948718,0.8780058651026392,0.009365738369524479,1,1,0.6335777044296265
110,1,8,103,21762,21762,0.8888888888888888,0.8941348973607037,0.00966595858335495,1,1,0.6548386812210083
111,0,1,0,35669,35669,0.7350427350427351,0.7473544973544974,-7.859426114009693e-05,0,1,0.7473545074462891
111,0,2,311,13709,13709,0.7948717948717948,0.8068783068783069,-0.0011641219025477767,0,1,0.6388888955116272
111,0,3,343,8539,8539,0.811965811965812,0.8240740740740741,-0.000711727247107774,0,1,0.6375661492347717
111,0,4,142,32986,32986,0.8376068376068376,0.8478835978835979,-0.00013485661474987864,0,1,0.6521164178848267
111,0,5,421,10677,10677,0.8547008547008547,0.8637566137566137,0.0007737847045063972,1,0,0.6335979104042053
111,0,6,273,31183,31183,0.8632478632478633,0.8716931216931216,0.0007125113625079393,1,0,0.6415343880653381
111,0,7,692,20561,20561,0.8717948717948718,0.8796296296296297,0.0002387580752838403,1,0,0.6243386268615723
111,0,8,934,2208,2208,0.8717948717948718,0.8809523809523809,0.0007547566201537848,1,0,0.6190476417541504
111,0,9,527,6382,6382,0.8888888888888888,0.8968253968253967,0.000640342477709055,1,0,0.6296296119689941
111,0,10,100,11981,11981,0.905982905982906,0.9126984126984127,0.00032943455153144896,1,0,0.6574074029922485
111,0,11,30,33399,33399,0.9145299145299145,0.9206349206349207,-0.0003420186403673142,0,1,0.6746031641960144
111,0,12,157,34649,34649,0.9230769230769231,0.9285714285714286,-0.0001353488623863086,0,1,0.6507936716079712
111,0,13,22,18738,18738,0.9316239316239316,0.9365079365079365,6.349233444780111e-06,1,0,0.6785714030265808
112,1,1,0,35669,35669,0.7350427350427351,0.7448680351906158,0.008874557912349701,1,1,0.7448680400848389
112,1,2,133,29128,29128,0.7863247863247863,0.7932551319648093,0.00904031191021204,1,1,0.6499999761581421
112,1,3,404,8916,8916,0.8205128205128205,0.8275659824046921,0.008610516786575317,1,1,0.6328445672988892
112,1,4,296,26585,26585,0.8547008547008547,0.8608504398826979,0.008014918304979801,1,1,0.6379765272140503
112,1,5,148,32986,32986,0.8632478632478633,0.8689149560117302,0.007901043631136417,1,1,0.6489735841751099
112,1,6,395,3871,3871,0.8717948717948718,0.8780058651026392,0.008021990768611431,1,1,0.6335777044296265
112,1,7,287,28860,28860,0.8803418803418803,0.8860703812316715,0.007403315510600805,1,1,0.6388562917709351
113,0,1,0,35669,35669,0.7350427350427351,0.7473544973544974,-0.002399425022304058,0,1,0.7473545074462891
113,0,2,131,29128,29128,0.7863247863247863,0.794973544973545,-0.0034878875594586134,0,1,0.6521164178848267
113,0,3,605,6365,6365,0.8205128205128205,0.8306878306878307,-0.002550148405134678,0,1,0.6256613731384277
113,0,4,929,37075,37075,0.8547008547008547,0.8637566137566137,-0.002520764945074916,0,1,0.6177248954772949
113,0,5,202,29382,29382,0.8632478632478633,0.8716931216931216,-0.0025207647122442722,0,1,0.6455026268959045
113,0,6,110,20900,20900,0.8717948717948718,0.8796296296296297,-0.0026999979745596647,0,1,0.6547619104385376
113,0,7,753,1682,1682,0.8803418803418803,0.8875661375661376,-0.002536126645281911,0,1,0.6216931343078613
113,0,8,984,12445,12445,0.8888888888888888,0.8955026455026456,-0.0032870331779122353,0,1,0.6164020895957947
113,0,9,43,19815,19815,0.8974358974358975,0.9034391534391535,-0.0034711752086877823,0,1,0.6679894328117371
114,0,1,0,35669,35669,0.7350427350427351,0.7473544973544974,-0.001246485742740333,0,1,0.7473545074462891
114,0,2,131,29128,29128,0.7863247863247863,0.794973544973545,-0.0023349481634795666,0,1,0.6521164178848267
114,0,3,637,6365,6365,0.8290598290598291,0.8386243386243386,-0.001864238060079515,0,1,0.6256613731384277
114,0,4,841,15230,15230,0.8461538461538461,0.8544973544973544,-0.0021576397120952606,0,1,0.6203703880310059
114,0,5,235,26585,26585,0.8547008547008547,0.8624338624338623,-0.0009028937201946974,0,1,0.6428571343421936
114,0,6,261,28860,28860,0.8717948717948718,0.8796296296296297,-0.0007028936524875462,0,1,0.6415343880653381
114,0,7,31,38926,38926,0.8803418803418803,0.8875661375661376,-0.0012577754678204656,0,1,0.6732804179191589
115,0,1,0,35669,35669,0.7350427350427351,0.7473544973544974,-0.004660448059439659,0,1,0.7473545074462891
115,0,2,76,29128,29128,0.7863247863247863,0.794973544973545,-0.004484596196562052,0,1,0.6613756418228149
115,0,3,644,6365,6365,0.8205128205128205,0.8306878306878307,-0.004013886209577322,0,1,0.6256613731384277
115,0,4,643,39131,39131,0.8461538461538461,0.8558201058201058,-0.003617327893152833,0,1,0.6256613731384277
116,0,1,0,35669,35669,0.7350427350427351,0.7473544973544974,-0.001246485742740333,0,1,0.7473545074462891
116,0,2,122,29128,29128,0.7863247863247863,0.794973544973545,-0.0023349481634795666,0,1,0.6521164178848267
116,0,3,596,6365,6365,0.8290598290598291,0.8386243386243386,-0.0013972088927403092,0,1,0.6256613731384277
116,0,4,989,39131,39131,0.8461538461538461,0.8558201058201058,-0.002630201168358326,0,1,0.6164020895957947
116,0,5,444,30620,30620,0.8547008547008547,0.8637566137566137,-0.003350180573761463,0,1,0.6309523582458496
116,0,6,197,27413,27413,0.8632478632478633,0.8716931216931216,-0.0030675388406962156,0,1,0.6455026268959045
116,0,7,279,14861,14861,0.8717948717948718,0.8796296296296297,-0.0031922035850584507,0,1,0.6402116417884827
116,0,8,495,19388,19388,0.8888888888888888,0.8955026455026456,-0.0032853696029633284,0,1,0.6296296119689941
117,0,1,0,35669,35669,0.7350427350427351,0.7473544973544974,-7.859426114009693e-05,0,1,0.7473545074462891
117,0,2,303,13709,13709,0.7948717948717948,0.8068783068783069,-0.0011641219025477767,0,1,0.6388888955116272
117,0,3,558,8539,8539,0.811965811965812,0.8240740740740741,-0.001560443313792348,0,1,0.6283068656921387
117,0,4,246,32986,32986,0.8376068376068376,0.8478835978835979,-0.0019917732570320368,0,1,0.6428571343421936
117,0,5,39,9738,9738,0.8461538461538461,0.8558201058201058,-0.002274529542773962,0,1,0.670634925365448
117,0,6,527,15230,15230,0.8632478632478633,0.8716931216931216,-0.0022709392942488194,0,1,0.6296296119689941
117,0,7,234,18310,18310,0.8717948717948718,0.8796296296296297,-0.0020847113337367773,0,1,0.6441798806190491
