stimulus_index,vit_pc1_score,vit_pc1_high_label,vit_pc2_score,vit_pc2_high_label,vit_pc3_score,vit_pc3_high_label,vit_pc4_score,vit_pc4_high_label,vit_pc5_score,vit_pc5_high_label,vit_pc6_score,vit_pc6_high_label,vit_pc7_score,vit_pc7_high_label,vit_pc8_score,vit_pc8_high_label,vit_pc9_score,vit_pc9_high_label,vit_pc10_score,vit_pc10_high_label
0,28.764545,1,3.494419,1,1.7955605,1,-1.4198375,0,-6.191064,0,-5.262349,0,-8.233351,0,6.801714,1,11.701202,1,13.840679,1
1,20.171707,1,-0.123461686,1,7.2223716,1,5.018776,1,-5.438623,0,4.3046074,1,-5.2007008,0,9.271864,1,13.047172,1,9.515056,1
2,25.120535,1,-5.5787454,0,0.34083322,0,-0.855935,0,-6.6399684,0,-3.0914397,0,-9.471131,0,10.551317,1,14.045226,1,15.854331,1
3,8.007969,1,-13.675494,0,2.2041376,1,-4.521078,0,-6.0071626,0,-4.5432177,0,-5.1598682,0,6.267415,1,-1.5905744,0,-7.2595725,0
4,-2.0904236,0,-11.173033,0,11.19472,1,1.7491293,1,4.220733,1,-5.338938,0,0.98600274,1,7.2213435,1,-4.3498573,0,0.52210945,1
5,28.436125,1,12.956799,1,6.2472167,1,7.470117,1,-3.3514454,0,3.1124833,1,10.113744,1,1.4354432,1,-4.9361444,0,2.809059,1
6,21.826502,1,7.8750014,1,2.1327136,1,10.290812,1,-1.6290482,0,8.315434,1,1.1966376,1,-4.4260406,0,-2.6972194,0,3.43086,1
7,26.941872,1,8.354669,1,3.5112762,1,12.34435,1,-2.532913,0,2.8412619,1,5.438085,1,-2.9194267,0,-4.585139,0,4.365274,1
8,9.690488,1,5.57014,1,3.732991,1,8.7073145,1,-5.5547843,0,5.9199657,1,13.181412,1,18.213795,1,-0.3734195,1,-8.534196,0
9,15.954974,1,6.7724085,1,6.561299,1,8.55329,1,-4.9549794,0,5.6644955,1,13.571857,1,16.590004,1,-0.2939924,1,-6.8360834,0
10,19.702526,1,2.8874547,1,5.3834047,1,11.228563,1,-0.44839886,1,6.569274,1,6.013967,1,-3.435656,0,-9.917579,0,2.5533214,1
11,15.209268,1,-0.53263164,1,3.5290477,1,13.932793,1,-0.066452965,1,4.0131974,1,0.7887967,1,-4.5492864,0,-6.5929217,0,2.8365428,1
12,19.103783,1,4.2515798,1,0.9344532,1,9.731327,1,0.58115745,1,-2.5702944,0,1.478258,1,-1.8586928,0,-8.968313,0,7.7264714,1
13,19.482985,1,-4.417266,0,-2.724401,0,9.844563,1,-1.7325237,0,7.506282,1,-13.657066,0,-4.9917555,0,13.239123,1,-1.3590926,0
14,32.254814,1,5.468943,1,-15.687772,0,6.631616,1,9.842485,1,-15.952961,0,-6.012965,0,-5.461151,0,-1.8977865,0,-10.333422,0
15,27.051905,1,-2.6752732,0,5.3171167,1,11.283336,1,-2.79324,0,9.9632635,1,-0.5914037,0,-7.7348475,0,-6.802509,0,2.4726048,1
16,25.561049,1,-5.0780654,0,1.6871681,1,1.3483074,1,-0.25002939,1,16.628567,1,-6.9349575,0,-10.614367,0,8.56902,1,-4.7738667,0
17,23.64761,1,-1.528637,0,3.9857686,1,13.903263,1,-2.3497021,0,12.731913,1,-0.09904334,1,-9.419914,0,-5.921551,0,0.24668163,1
18,4.499696,1,-8.218388,0,14.8226,1,-5.641731,0,12.850556,1,-2.1673913,0,0.2410463,1,3.3885014,1,-2.8412488,0,2.3048613,1
19,2.632257,1,-7.6149726,0,16.088614,1,-7.1056323,0,18.357233,1,0.2926114,1,-2.931971,0,0.72467923,1,-3.4142976,0,3.3780453,1
20,-15.649836,0,28.676487,1,9.139473,1,-12.984367,0,-7.0479164,0,-3.6369534,0,-3.8170154,0,2.1470637,1,-0.039812554,1,-3.0865228,0
21,7.510673,1,-19.319057,0,12.870582,1,-16.874172,0,2.841418,1,0.18673366,1,-5.430745,0,5.908428,1,-2.618004,0,-1.8877422,0
22,22.156551,1,-5.2226753,0,6.0300593,1,11.951886,1,-2.8427675,0,13.096841,1,-4.0459027,0,-13.512545,0,-4.927264,0,4.057329,1
23,20.608597,1,-9.05526,0,0.031135904,0,-2.559524,0,-0.41797447,1,9.869696,1,-2.3423362,0,2.2321758,1,15.307911,1,-2.5697434,0
24,1.9530125,1,-14.379903,0,6.0639453,1,-4.352607,0,6.9725137,1,-0.17334339,1,4.219301,1,-5.945896,0,-0.74209416,0,-5.556095,0
25,10.109479,1,-14.035412,0,-1.3000835,0,0.85707706,1,-3.8101826,0,-6.9766645,0,-10.408464,0,8.076224,1,9.17099,1,9.05735,1
26,2.4553223,1,-24.28689,0,0.6141455,1,-4.020092,0,-15.364937,0,-2.234822,0,-9.342317,0,3.9241862,1,-6.1220636,0,-13.442568,0
27,20.447638,1,1.9605743,1,3.2438042,1,8.933391,1,0.70069337,1,5.9173756,1,5.0345464,1,-2.4032774,0,-7.10651,0,1.7494756,1
28,7.828835,1,-6.559434,0,5.5309625,1,-6.2831793,0,9.052999,1,-4.3167515,0,-1.0775466,0,-2.3779619,0,-2.8049684,0,-2.9401903,0
29,34.909374,1,1.8524344,1,-11.424053,0,9.1286955,1,6.404945,1,-14.532658,0,-5.6594963,0,-6.2954664,0,0.4604053,1,-9.788994,0
30,-13.970671,0,12.349122,1,3.613675,1,-1.740256,0,-3.278126,0,-2.404911,0,3.0423913,1,-3.7884767,0,-1.8571395,0,4.0595646,1
31,-13.643678,0,11.700352,1,4.1846275,1,-0.5219401,1,-8.462203,0,7.6322513,1,-2.999698,0,-4.7657075,0,-2.9179547,0,2.366843,1
32,22.48796,1,4.5332465,1,-5.5523376,0,8.280121,1,3.0553198,1,-3.9388022,0,4.1917214,1,3.1591775,1,-7.065683,0,-8.952787,0
33,22.288914,1,6.4506893,1,-17.874714,0,7.5119514,1,7.069019,1,-21.234106,0,-4.2024183,0,-1.0223234,0,2.9952908,1,-5.6079865,0
34,11.309531,1,3.9635367,1,5.3495584,1,7.7488103,1,-6.4774613,0,5.411676,1,12.633887,1,16.252995,1,-0.0066096513,1,-7.9458156,0
35,9.636032,1,-14.458507,0,9.1005745,1,-15.885689,0,16.036768,1,-2.6833234,0,1.5573943,1,-0.7448749,0,-2.124758,0,-2.5137136,0
36,1.4012599,1,23.842741,1,1.1388003,1,-5.2599096,0,-7.3897166,0,-7.3485017,0,7.7926197,1,-4.0703964,0,-3.1639025,0,4.1860166,1
37,-5.94095,0,28.556932,1,14.145444,1,-6.5746365,0,-16.850233,0,-0.9214524,1,4.6934514,1,-3.2991312,0,1.3319308,1,0.9683188,1
38,20.195911,1,16.8221,1,-5.6033096,0,-2.5167372,0,-4.136252,0,-11.082273,0,3.8716662,1,6.7579374,1,5.348839,1,10.297891,1
39,16.173494,1,-7.8130827,0,1.8896314,1,9.193183,1,-5.2823267,0,5.6509852,1,-6.771294,0,-9.276547,0,-5.1590767,0,-0.24182266,0
40,-9.307114,0,-24.363077,0,-8.128364,0,-1.0025026,0,-7.1982574,0,-3.4728248,0,15.801016,1,-8.730795,0,4.3881197,1,3.8254483,1
41,-0.53892964,0,-18.713543,0,2.6652243,1,1.4905034,1,-5.290537,0,-8.614233,0,13.887317,1,-7.47588,0,2.966345,1,2.1685693,1
42,-6.826522,0,-24.29849,0,-1.7037169,0,-2.478906,0,-9.525294,0,-4.7080035,0,13.147125,1,-4.3984857,0,2.877932,1,3.774253,1
43,-14.239922,0,25.181147,1,3.567312,1,-7.403673,0,-12.435697,0,0.104451016,1,-4.1271176,0,-6.5505514,0,-0.99946237,0,2.7390282,1
44,14.054087,1,-0.19799954,1,3.9994311,1,6.3516917,1,0.21927893,1,-4.475294,0,5.5684013,1,3.312803,1,1.1784685,1,-2.463731,0
45,9.107157,1,-0.07315936,1,4.9424424,1,5.9723215,1,0.26302606,1,-4.2844462,0,5.8005834,1,3.5403717,1,-0.3383748,1,-2.1426823,0
46,12.299952,1,7.1931605,1,2.5211685,1,3.080553,1,-2.4678028,0,-3.956756,0,8.844325,1,9.114405,1,1.375619,1,7.7079515,1
47,17.555555,1,-2.1333106,0,-0.6232533,0,9.878182,1,-0.678157,0,5.1987705,1,-3.0439744,0,-8.896567,0,-1.8795584,0,2.523144,1
48,5.099439,1,-20.252918,0,0.6008295,1,-4.6254206,0,-11.785891,0,-1.6731508,0,-9.7766075,0,1.3381774,1,-2.5688627,0,-11.238338,0
49,8.454018,1,-10.7317915,0,6.914743,1,0.45700878,1,2.5705552,1,-3.065193,0,-2.6147354,0,-0.9085073,0,3.0333076,1,-2.2834363,0
50,33.96888,1,4.496202,1,-10.747617,0,9.78392,1,7.0461826,1,-13.951843,0,-7.89854,0,-6.958274,0,2.719381,1,-5.7313123,0
51,6.3078985,1,-9.430435,0,9.353778,1,-6.4987183,0,7.9667335,1,-3.0221999,0,-1.6085913,0,3.7642019,1,-2.1653926,0,-1.833779,0
52,-2.1464005,0,-6.899629,0,10.178247,1,-0.68285435,1,8.058887,1,-5.342037,0,-0.41804788,0,5.838644,1,-4.086462,0,1.3146261,1
53,12.968727,1,-5.8329883,0,1.9580375,1,-1.3331608,0,-0.73517334,0,8.546545,1,1.6100092,1,9.783182,1,15.473541,1,-1.4331735,0
54,2.8878806,1,-6.4555516,0,0.50603455,0,4.110877,1,0.37313,1,-3.329895,0,-6.6281447,0,1.4212247,1,4.1666884,1,-5.721336,0
55,-3.0775213,0,-12.520394,0,13.463866,1,-11.110727,0,16.607761,1,2.7408,1,2.7316675,1,-2.205435,0,-3.009495,0,0.53342366,1
56,6.65801,1,-8.954731,0,16.274765,1,-11.5603,0,11.853357,1,1.4679682,1,0.03697413,1,1.3662964,1,-3.452376,0,0.15079752,1
57,3.2154775,1,-5.8771753,0,12.122864,1,-6.0707345,0,3.0208862,1,-7.3658834,0,-2.4679093,0,2.078723,1,-1.2774571,0,-3.0523708,0
58,8.151178,1,-6.398142,0,7.109178,1,-8.840389,0,5.8438277,1,-4.133868,0,-0.8752498,0,2.4273071,1,-4.7234864,0,-0.19633201,0
59,-3.4373128,0,34.358685,1,-3.460201,0,-5.6520333,0,4.640954,1,-4.3040853,0,1.5224199,1,-0.76260704,0,-2.3296618,0,0.52855724,1
60,-9.559585,0,6.2487564,1,2.4611843,1,-4.7626786,0,-0.6859402,0,8.390256,1,0.434562,1,-7.778066,0,6.3111305,1,-1.2634673,0
61,-12.645141,0,29.129652,1,-7.3912797,0,-4.5527935,0,-2.8058693,0,-6.4554687,0,0.44207606,1,-0.7442694,0,-7.848177,0,5.217773,1
62,-8.274653,0,31.204103,1,-6.5279155,0,-4.870507,0,-2.0956755,0,0.95667815,1,3.1972673,1,-3.8717937,0,2.1907923,1,-1.3233902,0
63,-6.7167087,0,6.4312334,1,7.5830445,1,-6.4284353,0,-0.9714508,0,-6.885198,0,1.6472147,1,-5.398751,0,-1.8565384,0,3.011434,1
64,-14.4799,0,-14.181302,0,-3.0505664,0,4.3990145,1,-0.9424102,0,-4.369989,0,11.289797,1,-2.3694701,0,3.0830662,1,-1.888264,0
65,-17.696806,0,-10.901701,0,-2.3665247,0,8.3845215,1,-0.081785865,1,-4.4995217,0,4.3348618,1,0.8847281,1,2.8264182,1,-3.3848312,0
66,-2.629635,0,-17.118279,0,-8.738326,0,-9.826247,0,-6.0498853,0,-4.15951,0,3.3736641,1,-5.0850306,0,-3.4605217,0,2.79379,1
67,-9.890528,0,6.6022024,1,-13.750594,0,-5.9007072,0,4.3061075,1,-4.4054813,0,7.0416207,1,-0.9607673,0,-0.7653128,0,2.2316253,1
68,-13.596992,0,13.673529,1,16.087301,1,-5.4759574,0,-6.7547574,0,-11.541308,0,-7.777761,0,-4.1942253,0,-2.6040912,0,0.82846946,1
69,-19.829456,0,-19.192234,0,-10.374878,0,-2.5344381,0,4.0352535,1,9.286682,1,8.22549,1,-6.290804,0,3.7227557,1,0.6913982,1
70,-9.250576,0,-10.228196,0,-7.534416,0,-9.538442,0,-14.960069,0,6.3110523,1,-6.9701867,0,1.1596497,1,-7.6896853,0,-2.5355065,0
71,-6.817115,0,-14.216904,0,-0.26224953,0,1.4306849,1,-3.145204,0,-4.735623,0,0.6971281,1,-3.0206606,0,4.710239,1,-0.54652596,0
72,-19.602028,0,1.5771452,1,0.14515258,0,0.8331271,1,1.6228257,1,9.755263,1,-2.426204,0,-0.012385163,1,-1.638401,0,2.0158799,1
73,-14.956345,0,-15.330864,0,-2.3501863,0,0.23029318,1,-3.3740566,0,-2.0185313,0,8.24028,1,-3.7918868,0,4.929197,1,-4.098098,0
74,-0.037470814,1,15.700497,1,3.6223023,1,-7.47679,0,-2.3890975,0,-2.105851,0,-4.253121,0,5.0094438,1,3.3768368,1,-1.3795629,0
75,-7.4534006,0,-11.232304,0,-5.188199,0,0.14796905,1,-6.154416,0,-6.076913,0,7.2651772,1,1.2607046,1,1.6886777,1,1.0619949,1
76,1.0008758,1,-13.214734,0,-5.7271495,0,-7.690939,0,-10.327959,0,3.6346564,1,-0.65830404,0,-3.9477031,0,-0.4514597,1,-4.3021894,0
77,-8.779661,0,6.7021217,1,-4.4016337,0,-3.329154,0,4.8072457,1,-1.0762808,0,-1.016036,0,6.3643603,1,-2.557834,0,5.851642,1
78,1.9864482,1,-12.699384,0,-5.8404746,0,-15.486978,0,-23.61618,0,3.1542735,1,-10.126262,0,0.54302615,1,-9.653879,0,1.130446,1
79,-23.72914,0,12.513872,1,21.948406,1,4.003429,1,-10.449293,0,-8.852,0,-6.3192124,0,-7.9217896,0,5.5521264,1,-5.0289574,0
80,-13.956508,0,34.85612,1,-1.1382836,0,-3.2003589,0,-3.945583,0,3.9175792,1,3.2348044,1,-2.0606968,0,4.139557,1,-2.413838,0
81,-25.029684,0,11.531963,1,-11.592608,0,7.5304437,1,16.390017,1,3.8319352,1,-2.323167,0,-2.7870238,0,0.47479895,1,7.484716,1
82,-24.176344,0,22.445143,1,7.531173,1,5.55905,1,3.2301826,1,-0.77785474,1,-5.1699553,0,-3.4242213,0,4.372444,1,-3.07631,0
83,-18.717577,0,-0.82804674,0,-8.819994,0,2.1059053,1,0.2197739,1,-2.4476697,0,2.6135426,1,2.4130716,1,-3.381714,0,4.046546,1
84,-39.873497,0,0.8139589,1,-8.969613,0,16.877296,1,9.371472,1,7.2699976,1,-4.8959017,0,15.102758,1,0.16690782,1,-8.317489,0
85,-29.41974,0,9.053951,1,-0.4549279,0,19.043913,1,9.051208,1,-3.1839235,0,-6.2245784,0,-0.6027018,1,2.1497564,1,1.5674027,1
86,-33.112476,0,8.140085,1,13.112253,1,15.191861,1,0.36569932,1,-1.3948104,0,-7.3325243,0,-5.1617126,0,8.061501,1,-5.506421,0
87,-12.430578,0,-2.1862059,0,-8.298455,0,-8.018079,0,15.085977,1,6.5650916,1,3.4779012,1,-5.0515943,0,7.379016,1,-0.13567983,0
88,12.558075,1,15.564378,1,-15.543596,0,-18.648918,0,0.27196625,1,4.564702,1,-7.8740544,0,4.3027043,1,-4.1237893,0,0.3019618,1
89,-6.5567684,0,-16.763409,0,-15.685035,0,-11.162752,0,-3.0269108,0,-3.4173968,0,5.1194005,1,-4.873797,0,-1.1532248,0,3.6168056,1
90,-27.847906,0,-14.689655,0,0.7428145,1,7.896218,1,-9.059364,0,4.3994894,1,-6.2216897,0,8.309661,1,-5.8250465,0,-0.7403141,0
91,-0.28849065,0,-0.033855062,1,-9.721349,0,-6.2707453,0,10.314026,1,2.096543,1,2.2825673,1,-6.19188,0,7.57124,1,-2.33481,0
92,0.56730396,1,24.599068,1,-4.621326,0,0.5670656,1,-0.6106329,0,-2.9169753,0,5.4115367,1,3.0215178,1,1.2515671,1,-6.2514377,0
93,7.456436,1,-27.724272,0,-22.125185,0,-14.68638,0,-6.215634,0,-3.4342911,0,-1.2214075,0,2.7593808,1,-5.6520324,0,5.5334845,1
94,-16.609972,0,9.26866,1,15.182124,1,0.082172416,1,-8.927021,0,-8.409223,0,-4.666508,0,-3.2860055,0,-0.06683045,1,1.3579503,1
95,-18.439098,0,3.7366273,1,-0.37137848,0,2.146549,1,-2.1636581,0,1.913372,1,2.9194434,1,-0.47737837,1,1.647386,1,-0.39899394,0
96,4.102939,1,37.3213,1,-5.4996963,0,-6.003805,0,2.5288699,1,3.421493,1,8.557367,1,1.2375349,1,0.9018794,1,-2.3814485,0
97,19.45457,1,30.069656,1,-20.190836,0,-10.855937,0,1.1173764,1,3.85565,1,-2.9075835,0,1.0473373,1,-5.819413,0,0.119535126,0
98,-13.463913,0,20.219402,1,1.2426323,1,-2.5730088,0,-3.5814025,0,3.4831295,1,4.3983545,1,-5.9732995,0,4.9029417,1,-2.5777118,0
99,-13.788397,0,4.558704,1,-10.650454,0,-2.2469654,0,2.1173835,1,8.717278,1,-4.513392,0,7.681249,1,-3.5702655,0,-0.32959294,0
100,-10.373281,0,-2.41044,0,-10.2121105,0,-6.4026127,0,2.0363169,1,7.297742,1,-3.5716083,0,0.80147696,1,-0.7590465,0,-3.7036254,0
101,1.7971547,1,-2.5972226,0,-9.399432,0,-2.7902875,0,-8.3814125,0,4.378227,1,-5.8498187,0,4.296689,1,0.68503445,1,2.1559231,1
102,-1.4847358,0,-3.2828226,0,22.73751,1,-10.82229,0,10.939452,1,-3.571537,0,-1.6850368,0,2.6211486,1,-6.2588773,0,4.1100497,1
103,-3.7684023,0,17.023113,1,-2.1684718,0,-1.9655428,0,-4.047719,0,10.945388,1,0.32828784,1,9.867174,1,-1.8020824,0,-5.960136,0
104,-20.742395,0,-23.029682,0,-10.654543,0,1.299579,1,-8.045666,0,2.044688,1,-8.675909,0,3.6001525,1,-9.206721,0,3.3023136,1
105,-20.391771,0,1.621768,1,2.800168,1,5.5965247,1,0.22171558,1,-2.345725,0,-3.923333,0,-3.5297363,0,3.0817187,1,-0.9146653,0
106,-25.374157,0,20.201754,1,-5.6726437,0,8.442683,1,4.74185,1,-2.8821836,0,-4.88807,0,3.1782303,1,-0.046607394,1,-4.234554,0
107,19.37045,1,11.997571,1,-8.935295,0,-13.759368,0,18.869595,1,8.69149,1,1.9348528,1,6.882906,1,0.34667808,1,0.08095321,0
108,-21.14457,0,5.3781366,1,3.3054652,1,-1.1034161,0,3.177799,1,6.250063,1,-2.5415154,0,-4.433749,0,3.015693,1,-0.019610342,0
109,-6.351363,0,-17.515291,0,13.968643,1,-12.739438,0,12.878571,1,8.277854,1,1.4172593,1,-2.1007805,0,2.6717422,1,1.1278174,1
110,-3.4024246,0,-23.130907,0,-7.462299,0,-11.177272,0,2.402343,1,7.01655,1,4.361404,1,-8.094731,0,8.122813,1,-5.6705832,0
111,-14.991514,0,-11.078714,0,-5.4560075,0,4.5145874,1,2.942962,1,0.8145882,1,2.8135164,1,1.428555,1,-1.7237736,0,-1.9284735,0
112,-2.7929533,0,-15.623598,0,-1.4695446,0,0.3208324,1,-6.2369995,0,-8.470031,0,12.349183,1,-7.5141253,0,4.3721676,1,0.17499262,1
113,-25.593874,0,-14.465402,0,-3.5352528,0,19.078403,1,6.880226,1,-4.261506,0,-5.81571,0,2.7523978,1,-4.6716056,0,8.665589,1
114,-30.46536,0,-12.970374,0,-6.845576,0,22.748154,1,10.915499,1,-2.305841,0,-6.5251203,0,3.5507295,1,-6.4493093,0,8.028961,1
115,-24.179152,0,-23.9808,0,-2.9878128,0,7.8874445,1,-1.0806285,0,0.79775697,1,6.334221,1,3.2404912,1,2.6434608,1,2.0002904,1
116,-13.401302,0,-15.4069395,0,-7.6774445,0,7.493876,1,0.9498993,1,0.35248742,1,1.180546,1,8.699256,1,-1.3808143,0,5.0207186,1
117,0.4269652,1,17.15976,1,-13.792408,0,-11.901363,0,13.301849,1,7.0321264,1,-3.697364,0,-4.1740327,0,-0.66002256,1,4.978254,1
