source_acronym,source_structure_id,n_units_sampled,match_quality,matched_injection_acronym,matched_injection_structure_id,match_note,n_injection_experiments,target_structure_id,target_acronym,n_unionize_experiments,mean_projection_density,median_projection_density,mean_projection_energy,median_projection_energy,mean_normalized_projection_volume,median_normalized_projection_volume
CA1,382,107,exact,CA1,382,Exact injection_structure_ids match.,33,484682470,ProS,33,0.03342961698468408,0.0078551849008757,101.23066724954272,8.62834528304986,0.2532351563945178,0.0839386714004563
CA1,382,107,exact,CA1,382,Exact injection_structure_ids match.,33,502,SUB,33,0.03297089693323041,0.013161244802177,98.67313917319348,11.1198453903198,0.5048061570607568,0.190005378483801
CA1,382,107,exact,CA1,382,Exact injection_structure_ids match.,33,258,LSr,33,0.02444037818577513,0.0038520409725606,61.897168892476664,1.96906590461731,0.2398381107443601,0.051724010960383
CA1,382,107,exact,CA1,382,Exact injection_structure_ids match.,33,428,mct,33,0.023825123193477165,1.79541384568438e-05,82.81573875867385,0.0036402461118996,0.0011927607446169325,1.39813635436646e-06
CA1,382,107,exact,CA1,382,Exact injection_structure_ids match.,33,382,CA1,33,0.021391207622543002,0.0114674789348568,68.61959010969646,25.9681977028376,1.5739483811205723,1.13570361195904
CA1,382,107,exact,CA1,382,Exact injection_structure_ids match.,33,423,CA2,33,0.020447466286383345,0.0066536921076476,66.80840411673418,6.55129530728798,0.04884879000217249,0.0194841617799773
CA1,382,107,exact,CA1,382,Exact injection_structure_ids match.,33,737,fxpo,33,0.02004677667046858,0.0007843010548252,34.54094773423484,0.264135362302313,0.026198289491319905,0.0008312733463548
CA1,382,107,exact,CA1,382,Exact injection_structure_ids match.,33,242,LS,33,0.019705005675130866,0.0032368914816678,47.05717564178273,1.64512860381569,0.31984594657434995,0.0620054084783954
CA1,382,107,exact,CA1,382,Exact injection_structure_ids match.,33,275,LSX,33,0.01943753801088133,0.0037247714129099,45.898750499502235,1.72589177112056,0.3680195173468313,0.0871810026209734
CA1,382,107,exact,CA1,382,Exact injection_structure_ids match.,33,310,SF,33,0.018567700330398066,0.0065025150990462,41.07936483323519,2.50568556785583,0.04678080443104039,0.0221484436424805
CA1,382,107,exact,CA1,382,Exact injection_structure_ids match.,33,375,CA,33,0.017033623589490707,0.0097088465159305,50.89306596712482,19.5307404621875,1.9171054873624183,1.30295525687985
CA1,382,107,exact,CA1,382,Exact injection_structure_ids match.,33,28,ENTl6a,33,0.01607563396380039,0.0006381550780391,24.175954768001752,0.604358267705323,0.08618586166655992,0.0111176649883984
CA1,382,107,exact,CA1,382,Exact injection_structure_ids match.,33,334,BMAp,33,0.015963472203433648,0.0,37.96688825996866,0.0,0.06760633673459907,0.0
CA1,382,107,exact,CA1,382,Exact injection_structure_ids match.,33,581,TRS,33,0.01591177282260659,0.0089692196595124,35.32713181641452,3.64225912094116,0.03157885428430268,0.0189361219554232
CA1,382,107,exact,CA1,382,Exact injection_structure_ids match.,33,743,ENTm6,33,0.015208204316148164,0.0013406163780018,23.44493801170437,0.972515103072789,0.060557453698655145,0.0138038648018218
CA1,382,107,exact,CA1,382,Exact injection_structure_ids match.,33,266,LSv,33,0.014358922433731953,1.2797168835732e-07,36.492953403362996,3.03985742171672e-05,0.052105453142712976,6.35064096740107e-07
CA1,382,107,exact,CA1,382,Exact injection_structure_ids match.,33,1080,HIP,33,0.012883817234433263,0.0072399043000743,37.84975455826843,15.0792451762111,2.0320576489100577,1.40862016574724
CA1,382,107,exact,CA1,382,Exact injection_structure_ids match.,33,311,BLAp,33,0.012844649772456782,0.0,26.436738127176074,0.0,0.052780946559980335,0.0
CA1,382,107,exact,CA1,382,Exact injection_structure_ids match.,33,982,FC,33,0.01231123986612962,0.0002004999987548,18.995180701399118,0.093182809650898,0.006308722524200189,0.0001212537620647
CA1,382,107,exact,CA1,382,Exact injection_structure_ids match.,33,139,ENTl5,33,0.01180951202811617,0.0001656225940678,18.770051231832173,0.142702674091264,0.07997030214024202,0.0013268947184135
CA1,382,107,exact,CA1,382,Exact injection_structure_ids match.,33,56,ACB,33,0.011735895814546897,2.79634205071488e-05,28.454074565968863,0.0199316646903753,0.2606223818536084,0.0005666050276386
CA1,382,107,exact,CA1,382,Exact injection_structure_ids match.,33,335,PERI6a,33,0.011553330606237904,0.0,17.935495172718877,0.0,0.0023901502585823202,0.0
CA1,382,107,exact,CA1,382,Exact injection_structure_ids match.,33,603,fi,33,0.011518358622605515,0.0011998576441625,37.93143668145926,0.376652204431534,0.09429284254899128,0.008713980399576
CA1,382,107,exact,CA1,382,Exact injection_structure_ids match.,33,780,PA,33,0.011436816553109451,1.48180208725535e-06,24.990800889210455,0.0003403643064678,0.06718177464176034,2.09279559696667e-05
CA1,382,107,exact,CA1,382,Exact injection_structure_ids match.,33,576073704,PeF,33,0.0109981612785572,0.0001097102834969,17.98162023588285,0.0317329651625136,0.011416889696645598,0.0001098893506483
CA1,382,107,exact,CA1,382,Exact injection_structure_ids match.,33,822,RHP,33,0.010574341008903327,0.0029662770778994,24.23114796954976,3.26921787999442,1.2099243558780557,0.572086469536356
CA1,382,107,exact,CA1,382,Exact injection_structure_ids match.,33,1,TMv,33,0.0104029479991332,0.0007014161092229,13.336858603656664,0.226061403751373,0.007552353903194869,0.0004963949096578
CA1,382,107,exact,CA1,382,Exact injection_structure_ids match.,33,827,ILA5,33,0.00999247482230488,6.63204343005639e-11,14.336959944751964,1.36885372062756e-08,0.016631582563982186,1.67808086411292e-10
CA1,382,107,exact,CA1,382,Exact injection_structure_ids match.,33,463,CA3,33,0.009819334726800705,0.0032173330896792,21.311483471513426,2.75430560112,0.29430831623967296,0.150978058553933
CA1,382,107,exact,CA1,382,Exact injection_structure_ids match.,33,1120,IAM,33,0.009733781983224554,0.0,13.893826335917954,0.0,0.0016892683446129595,0.0
VISrl,417,92,exact,VISrl,417,Exact injection_structure_ids match.,22,312782620,VISrl6a,22,0.1662079056043712,0.08398584834723895,711.2608952702731,100.15216064453111,0.1376309273106594,0.110592773107064
VISrl,417,92,exact,VISrl,417,Exact injection_structure_ids match.,22,312782624,VISrl6b,22,0.1549229088451512,0.08514600096038405,549.638258777965,63.52737032499306,0.028102089907555937,0.0244368140879813
VISrl,417,92,exact,VISrl,417,Exact injection_structure_ids match.,22,312782608,VISrl2/3,22,0.1479157442285761,0.1059011984118655,550.6034506029225,143.9746367728805,0.23938760752371083,0.1883139807176955
VISrl,417,92,exact,VISrl,417,Exact injection_structure_ids match.,22,417,VISrl,22,0.1467431746097654,0.09382024939128131,570.1598171709015,109.91034117507749,0.9013307020927481,0.6558147742866995
VISrl,417,92,exact,VISrl,417,Exact injection_structure_ids match.,22,312782616,VISrl5,22,0.14095424995654665,0.075466761979769,558.021374592119,96.5189082996547,0.21196037275218024,0.1449603999378705
VISrl,417,92,exact,VISrl,417,Exact injection_structure_ids match.,22,312782612,VISrl4,22,0.13141246025553122,0.0830375059880991,526.83203887453,115.88474618542949,0.10455654383980606,0.0939363633072351
VISrl,417,92,exact,VISrl,417,Exact injection_structure_ids match.,22,312782604,VISrl1,22,0.13070674089345674,0.0919397845864296,399.2812692516267,132.656722128182,0.17969316075883585,0.10807541988608299
VISrl,417,92,exact,VISrl,417,Exact injection_structure_ids match.,22,312782570,VISa6b,22,0.08745991319199568,0.0417564594306234,204.65077103252318,28.0177560028272,0.025267835222776286,0.016870340215687
VISrl,417,92,exact,VISrl,417,Exact injection_structure_ids match.,22,649,VISal6b,22,0.08409708297134501,0.040211279357340604,171.4190868182896,21.4385395050049,0.013189076486528827,0.0089941417922841
VISrl,417,92,exact,VISrl,417,Exact injection_structure_ids match.,22,601,VISal6a,22,0.08208459183435061,0.0297474879370484,196.34096258528314,19.77902507053735,0.06085937902366073,0.0345756980982045
VISrl,417,92,exact,VISrl,417,Exact injection_structure_ids match.,22,22,PTLp,22,0.07816230247026078,0.048932174545421245,226.63960529568956,56.16705161065585,1.444403265508401,0.9820019468128455
VISrl,417,92,exact,VISrl,417,Exact injection_structure_ids match.,22,1074,VISal1,22,0.07314530087464095,0.02789376728054765,196.74951113406578,19.85300064086915,0.06997601652202637,0.0365032804761968
VISrl,417,92,exact,VISrl,417,Exact injection_structure_ids match.,22,905,VISal2/3,22,0.06989851741767343,0.0181054063141346,162.96160821429575,12.27021803279985,0.10558121328680034,0.032264014366147356
VISrl,417,92,exact,VISrl,417,Exact injection_structure_ids match.,22,312782566,VISa6a,22,0.0697033420678649,0.025569518798597347,185.06885744735885,19.28601504541765,0.10907081359884585,0.0694834609229118
VISrl,417,92,exact,VISrl,417,Exact injection_structure_ids match.,22,402,VISal,22,0.06906668244203723,0.02127608510957155,168.12227485726532,14.00677105094715,0.37773424320190585,0.182017631627711
VISrl,417,92,exact,VISrl,417,Exact injection_structure_ids match.,22,986,ccs,22,0.0674446626353506,0.03881433836163365,185.47121638021463,33.7376232147217,0.46495095347095605,0.2835281093426665
VISrl,417,92,exact,VISrl,417,Exact injection_structure_ids match.,22,233,VISal5,22,0.0618206965581572,0.0114245740696788,150.54042292831528,8.75417327880859,0.0860653440340947,0.03962318173748555
VISrl,417,92,exact,VISrl,417,Exact injection_structure_ids match.,22,461,SSp-tr6b,22,0.06133466599440076,0.022214963100850603,121.09998780124351,12.65463065007075,0.0187230186453863,0.0100767548232603
VISrl,417,92,exact,VISrl,417,Exact injection_structure_ids match.,22,1114,VISal4,22,0.06064802865309043,0.01328027434647085,149.7502763298181,9.71992683410642,0.04206321384879468,0.01454605813444265
VISrl,417,92,exact,VISrl,417,Exact injection_structure_ids match.,22,312782582,VISli2/3,22,0.052285920986242324,0.02195484657096585,105.56616583772542,15.220654487609849,0.05809952799428733,0.02412520323596795
VISrl,417,92,exact,VISrl,417,Exact injection_structure_ids match.,22,312782586,VISli4,22,0.050006943430224375,0.016726208336335202,109.60598270741397,12.24694824642545,0.02471801814614101,0.00980783625270305
VISrl,417,92,exact,VISrl,417,Exact injection_structure_ids match.,22,312782546,VISa,22,0.04976573958001911,0.0157482916351874,120.72870755669653,15.418935986764,0.5430725634156524,0.273348297332903
VISrl,417,92,exact,VISrl,417,Exact injection_structure_ids match.,22,312782578,VISli1,22,0.04937353884352976,0.02369060926139355,128.7901769283596,16.21914979338695,0.038135594281484546,0.01546137580434405
VISrl,417,92,exact,VISrl,417,Exact injection_structure_ids match.,22,441,VISam6b,22,0.04912872894087207,0.012282997997298251,70.21819172005803,7.01796817779541,0.007482487457176137,0.00298918438609115
VISrl,417,92,exact,VISrl,417,Exact injection_structure_ids match.,22,312782554,VISa2/3,22,0.04891154111652832,0.0147039922885597,107.2849853098489,11.44769844956315,0.1659325720745835,0.05963989542257525
VISrl,417,92,exact,VISrl,417,Exact injection_structure_ids match.,22,981,SSp-bfd1,22,0.045796573144269964,0.01219487974635975,101.50847232836033,8.50721502304077,0.34887267461269617,0.20745898758529002
VISrl,417,92,exact,VISrl,417,Exact injection_structure_ids match.,22,312782574,VISli,22,0.04398660934393205,0.01819294936099275,91.73300158838327,12.846432796074051,0.19308628528376298,0.11318800402122134
VISrl,417,92,exact,VISrl,417,Exact injection_structure_ids match.,22,312782550,VISa1,22,0.04381530856559788,0.0139930392615497,98.39763403248769,11.79491486476315,0.0838668639488563,0.040634161971810245
VISrl,417,92,exact,VISrl,417,Exact injection_structure_ids match.,22,1066,VISam2/3,22,0.04365744072452778,0.01278890903979245,68.6667409643634,9.50516939163207,0.07561652446441365,0.033404063293962755
VISrl,417,92,exact,VISrl,417,Exact injection_structure_ids match.,22,1062,SSp-bfd6b,22,0.04280459839941915,0.018241603546062198,91.54334722366285,8.21397399902344,0.05537328846567936,0.02535523353136175
VISl,409,73,exact,VISl,409,Exact injection_structure_ids match.,68,74,VISl6a,68,0.10543810906437891,0.040718905819673246,297.89245711415685,44.25553703308105,0.21083867518413196,0.1500221316287515
VISl,409,73,exact,VISl,409,Exact injection_structure_ids match.,68,613,VISl5,68,0.10195499582886645,0.04112413130217925,326.2568925849863,71.22261762523125,0.36371812001318693,0.2217838578730805
VISl,409,73,exact,VISl,409,Exact injection_structure_ids match.,68,409,VISl,68,0.09665360838395348,0.03990847339022925,286.10774501461106,49.0451588340169,1.1960592305747049,0.7792551761140301
VISl,409,73,exact,VISl,409,Exact injection_structure_ids match.,68,121,VISl6b,68,0.09518244025629131,0.0394290051406313,245.3402637945692,33.34484672546385,0.038595471431072406,0.02529947603722455
VISl,409,73,exact,VISl,409,Exact injection_structure_ids match.,68,973,VISl2/3,68,0.09341965879393958,0.03070124704390765,245.62406047818118,24.6207811428485,0.2527463809915198,0.126285036662854
VISl,409,73,exact,VISl,409,Exact injection_structure_ids match.,68,421,VISl1,68,0.09219449292997728,0.036269376953392246,287.22724393433106,34.8661234645769,0.1833027593490565,0.10051815581486315
VISl,409,73,exact,VISl,409,Exact injection_structure_ids match.,68,573,VISl4,68,0.09137432943484232,0.0330413077026606,295.51290673849763,44.45605079216685,0.1468578236057373,0.08741848267031765
VISl,409,73,exact,VISl,409,Exact injection_structure_ids match.,68,312782594,VISli6a,68,0.0800624307690232,0.018968479707837098,196.38839487978376,15.86170292785825,0.057715365547322504,0.0280883413346174
VISl,409,73,exact,VISl,409,Exact injection_structure_ids match.,68,312782598,VISli6b,68,0.07677718753133472,0.0245904849360674,165.92951791756488,13.63970708847045,0.012032227254825008,0.006316675974829249
VISl,409,73,exact,VISl,409,Exact injection_structure_ids match.,68,312782590,VISli5,68,0.0689157376818613,0.0120530673290676,169.0147784393203,10.705135087184,0.0933237530433401,0.045008083114806405
VISl,409,73,exact,VISl,409,Exact injection_structure_ids match.,68,869,VISpl4,68,0.06686679178479568,0.01247872391535295,144.9699858456416,7.81479855470333,0.023223171318596726,0.0077180681754108
VISl,409,73,exact,VISl,409,Exact injection_structure_ids match.,68,312782574,VISli,68,0.06447545753687514,0.013614473063574,157.9129261527797,11.988090704206101,0.2892875652402965,0.13918044570375498
VISl,409,73,exact,VISl,409,Exact injection_structure_ids match.,68,312782648,VISpor6a,68,0.06250141682608959,0.012573824969492251,106.65027388139734,8.13057065098415,0.10298199125993125,0.043899158244488395
VISl,409,73,exact,VISl,409,Exact injection_structure_ids match.,68,905,VISal2/3,68,0.06051935539835492,0.0129009269374688,110.95122015444136,7.327968625591041,0.12678769284928296,0.054964289142303405
VISl,409,73,exact,VISl,409,Exact injection_structure_ids match.,68,393,VISpl6b,68,0.05875738462496365,0.0125718708698532,92.72397768797437,8.03414138829608,0.004693214722516498,0.00168100389938765
VISl,409,73,exact,VISl,409,Exact injection_structure_ids match.,68,312782582,VISli2/3,68,0.05871666225067375,0.008679562257568399,130.05021690953302,5.654614354401735,0.06114006087343323,0.0217579959479668
VISl,409,73,exact,VISl,409,Exact injection_structure_ids match.,68,312782652,VISpor6b,68,0.058150316825112465,0.01081916177645325,99.07759503007452,5.052556380481125,0.01712388602468492,0.0061170093252371
VISl,409,73,exact,VISl,409,Exact injection_structure_ids match.,68,312782586,VISli4,68,0.0578403963385355,0.0066213820915443,158.26829545370975,4.825560092926025,0.02637071549074995,0.0103439850753082
VISl,409,73,exact,VISl,409,Exact injection_structure_ids match.,68,601,VISal6a,68,0.05717048036275414,0.0116239357739687,95.12047944739874,8.48117711109559,0.06806306252023586,0.0302868009507277
VISl,409,73,exact,VISl,409,Exact injection_structure_ids match.,68,312782640,VISpor4,68,0.05608229622413034,0.0066036012255748,103.8023495392805,4.434665066252405,0.02978770166711657,0.009242253002889101
VISl,409,73,exact,VISl,409,Exact injection_structure_ids match.,68,305,VISp6b,68,0.055749463529631595,0.01578012760728595,72.85442180943807,7.991643024271109,0.09894611081341712,0.04622084400650375
VISl,409,73,exact,VISl,409,Exact injection_structure_ids match.,68,402,VISal,68,0.055370652101724906,0.01344056324592965,101.82736639351354,9.88310920223044,0.4586599371269687,0.2114498593044125
VISl,409,73,exact,VISl,409,Exact injection_structure_ids match.,68,233,VISal5,68,0.05517456597436708,0.01173078129068015,111.80909264408017,8.769743919372559,0.12103583089799695,0.0573388943833566
VISl,409,73,exact,VISl,409,Exact injection_structure_ids match.,68,377,VISpl6a,68,0.05515967613489577,0.01265449443137455,83.5423349648162,7.734275065089695,0.05446146628091357,0.025058813432171298
VISl,409,73,exact,VISl,409,Exact injection_structure_ids match.,68,312782578,VISli1,68,0.05416884047767354,0.0127075100955817,138.94914735047513,7.905042350549914,0.03870544303062556,0.01576629220203685
VISl,409,73,exact,VISl,409,Exact injection_structure_ids match.,68,33,VISp6a,68,0.05404904166475599,0.0131491939537227,85.26608359017689,9.16298961639404,0.5978323513635884,0.2895268084688805
VISl,409,73,exact,VISl,409,Exact injection_structure_ids match.,68,1114,VISal4,68,0.05363404486652053,0.01093555689763515,102.31115887241818,8.057503971461836,0.05914311646800067,0.0208048585613968
VISl,409,73,exact,VISl,409,Exact injection_structure_ids match.,68,312782644,VISpor5,68,0.05331922704893005,0.00881868973374365,93.61623082512165,6.74609851837158,0.18442158872376568,0.08232393568735655
VISl,409,73,exact,VISl,409,Exact injection_structure_ids match.,68,649,VISal6b,68,0.05306314757088545,0.0124596606428791,81.28687529288291,7.240777524114415,0.012522517516733715,0.00623497940946415
VISl,409,73,exact,VISl,409,Exact injection_structure_ids match.,68,41,VISpm2/3,68,0.05200830241579872,0.01358779754945505,84.27066973313732,8.307108552299095,0.18114450550129893,0.0698625838039957
VISpm,533,72,exact,VISpm,533,Exact injection_structure_ids match.,28,257,VISpm6a,28,0.11558109226137736,0.04841517675936645,327.52999991339846,56.17484748886805,0.10464696351002314,0.07827018921819659
VISpm,533,72,exact,VISpm,533,Exact injection_structure_ids match.,28,469,VISpm6b,28,0.11173540594052556,0.052337786182761206,302.0199635884529,52.51658630371095,0.020192671501125598,0.01453721235344475
VISpm,533,72,exact,VISpm,533,Exact injection_structure_ids match.,28,565,VISpm5,28,0.09503925749636322,0.0437729594671135,272.2177036995775,51.6184838338243,0.17501705411175672,0.1230331713629505
VISpm,533,72,exact,VISpm,533,Exact injection_structure_ids match.,28,533,VISpm,28,0.08277977985970046,0.0342436001560429,198.60784057523298,41.821380539870006,0.5743736340749964,0.42098159239052046
VISpm,533,72,exact,VISpm,533,Exact injection_structure_ids match.,28,1046,VISam6a,28,0.08259112802270464,0.0334668252617121,160.30368989259955,27.01737213134765,0.07855359270181278,0.05195534828016855
VISpm,533,72,exact,VISpm,533,Exact injection_structure_ids match.,28,501,VISpm4,28,0.07962804799600726,0.0339440628886223,203.19654822703797,38.944173081844056,0.05420787822873018,0.034530101373039745
VISpm,533,72,exact,VISpm,533,Exact injection_structure_ids match.,28,401,VISam4,28,0.07626360771064072,0.026265666138274,151.38234224898235,21.056246757507303,0.040632900676299356,0.01678961165345
VISpm,533,72,exact,VISpm,533,Exact injection_structure_ids match.,28,441,VISam6b,28,0.07615592911790245,0.03066609775300165,122.77661151906982,21.13376903533935,0.012182041563669189,0.0093160195928718
VISpm,533,72,exact,VISpm,533,Exact injection_structure_ids match.,28,1066,VISam2/3,28,0.07450674247088263,0.02487406693398955,122.89863859240693,16.597004808313898,0.13275372922991902,0.0542699182207735
VISpm,533,72,exact,VISpm,533,Exact injection_structure_ids match.,28,433,VISam5,28,0.07261299831577486,0.0262996629830487,148.43225188591882,27.861229444863447,0.13585007745602035,0.07359545799270255
VISpm,533,72,exact,VISpm,533,Exact injection_structure_ids match.,28,394,VISam,28,0.07197701123344495,0.0238892635785494,131.09605926854107,28.0413006438507,0.4626807078261394,0.255438416815948
VISpm,533,72,exact,VISpm,533,Exact injection_structure_ids match.,28,41,VISpm2/3,28,0.07174906375198864,0.02835556204318225,139.7495477326524,28.0758092319064,0.13690913759113083,0.09711656767954996
VISpm,533,72,exact,VISpm,533,Exact injection_structure_ids match.,28,155,LD,28,0.06381112530943114,0.0014721861093819001,209.92744773924355,1.0554203591145859,0.580323566901137,0.02754786218154155
VISpm,533,72,exact,VISpm,533,Exact injection_structure_ids match.,28,805,VISpm1,28,0.0612280485664264,0.020308807786335252,117.89632981492358,19.412679384994497,0.08339992913223,0.0437084154364811
VISpm,533,72,exact,VISpm,533,Exact injection_structure_ids match.,28,279,RSPagl6b,28,0.058404803812165784,0.022361627779901,68.6287024308748,10.8224310874939,0.0144527809601493,0.01030206258359905
VISpm,533,72,exact,VISpm,533,Exact injection_structure_ids match.,28,281,VISam1,28,0.05638429431991908,0.02275112503032335,90.37816164883034,16.05877620769975,0.06270836619841882,0.0368680189101637
VISpm,533,72,exact,VISpm,533,Exact injection_structure_ids match.,28,305,VISp6b,28,0.053808400959011765,0.01495015248656275,72.31536709025502,7.391085863113405,0.06157031436306396,0.02535615410065825
VISpm,533,72,exact,VISpm,533,Exact injection_structure_ids match.,28,906,RSPagl6a,28,0.05259515000160375,0.01688498014154645,75.85576643118763,11.66179656982425,0.1466593998727598,0.0808962011059549
VISpm,533,72,exact,VISpm,533,Exact injection_structure_ids match.,28,274,RSPd6a,28,0.051254633186280305,0.01282959012314675,66.48900913443653,7.162599168576715,0.26722814978206844,0.1505492617132075
VISpm,533,72,exact,VISpm,533,Exact injection_structure_ids match.,28,377,VISpl6a,28,0.04968694686454281,0.00309833873798535,60.66025995095602,1.72845870256424,0.03493505785196376,0.0038802936541913
VISpm,533,72,exact,VISpm,533,Exact injection_structure_ids match.,28,393,VISpl6b,28,0.046915146867906606,0.0024614562011314,58.53773200715128,0.9412340223789211,0.0024842998804788857,0.0003046518407837
VISpm,533,72,exact,VISpm,533,Exact injection_structure_ids match.,28,121,VISl6b,28,0.04687625476608307,0.006306109260817899,58.77129717999004,2.794058636615245,0.012902329852504137,0.0030414777498800998
VISpm,533,72,exact,VISpm,533,Exact injection_structure_ids match.,28,590,RSPv6a,28,0.04574659998720493,0.0099609144963324,61.94817421265464,4.75838077376761,0.20315149191748785,0.135545615329268
VISpm,533,72,exact,VISpm,533,Exact injection_structure_ids match.,28,330,RSPd6b,28,0.04572419181181374,0.0071963251013583,44.3053331690652,2.9698872212033347,0.009925480111586909,0.0050349208151245495
VISpm,533,72,exact,VISpm,533,Exact injection_structure_ids match.,28,321,SubG,28,0.04421121946051526,0.0,78.61213556387011,0.0,0.00822753759175837,0.0
VISpm,533,72,exact,VISpm,533,Exact injection_structure_ids match.,28,218,LP,28,0.04342981494813015,0.0028661726253900502,97.51453136836919,1.7405343858766549,0.4915988829145605,0.053440830292387345
VISpm,533,72,exact,VISpm,533,Exact injection_structure_ids match.,28,33,VISp6a,28,0.04330689159936863,0.0076954151436133995,58.281723611178236,5.704128980636595,0.31620210819135636,0.1214920908678715
VISpm,533,72,exact,VISpm,533,Exact injection_structure_ids match.,28,74,VISl6a,28,0.04180334948523562,0.0059093337040394,53.69651159518724,2.581792782292035,0.06611635778085005,0.0095797342716402
VISpm,533,72,exact,VISpm,533,Exact injection_structure_ids match.,28,894,RSPagl,28,0.03979674532486101,0.014345998597249051,56.09134010478912,7.98615142746858,0.7045157385266428,0.402109109110854
VISpm,533,72,exact,VISpm,533,Exact injection_structure_ids match.,28,312782598,VISli6b,28,0.03899985957862108,0.0065053416465243995,45.8816365082044,2.704304046534455,0.004685209147414333,0.0011362777041018
VISp,385,65,exact,VISp,385,Exact injection_structure_ids match.,282,74,VISl6a,282,0.053965327796217946,0.004950342614043901,149.04261873244408,3.090755343437195,0.05544932066101377,0.018613158307347902
VISp,385,65,exact,VISp,385,Exact injection_structure_ids match.,282,496345672,LGd-ip,282,0.05054485928448467,0.00019035590051365,259.1529567367463,0.113033161214943,0.03734626366361565,0.00042940056838565
VISp,385,65,exact,VISp,385,Exact injection_structure_ids match.,282,121,VISl6b,282,0.0504947036810216,0.0048188646459291,117.44301258763818,2.5458010435104352,0.010599910993727937,0.0035124496765877
VISp,385,65,exact,VISp,385,Exact injection_structure_ids match.,282,305,VISp6b,282,0.05048989430963774,0.01092608324872055,108.18505543811688,8.249962329864506,0.05596618674457238,0.0336256667012412
VISp,385,65,exact,VISp,385,Exact injection_structure_ids match.,282,33,VISp6a,282,0.048949738311310706,0.01109131889283055,114.16714190947995,11.664607995080349,0.3302294154027608,0.2315158525382255
VISp,385,65,exact,VISp,385,Exact injection_structure_ids match.,282,496345668,LGd-co,282,0.04521219693978147,0.0003448096540523,202.1304019449344,0.1775670275092125,0.14403335592846622,0.00493254651485845
VISp,385,65,exact,VISp,385,Exact injection_structure_ids match.,282,170,LGd,282,0.044048814057063075,0.0003207436287878,202.1387966524051,0.167954993178334,0.2417066154219722,0.00687955762721975
VISp,385,65,exact,VISp,385,Exact injection_structure_ids match.,282,973,VISl2/3,282,0.04287184535523605,0.00236040435265745,130.29629258330758,1.5642042160034149,0.07826828950444761,0.01601418620774385
VISp,385,65,exact,VISp,385,Exact injection_structure_ids match.,282,573,VISl4,282,0.042730432690674135,0.00247535288952385,134.83991727585428,1.8152127672460399,0.0442985068693172,0.0082648665297661
VISp,385,65,exact,VISp,385,Exact injection_structure_ids match.,282,409,VISl,282,0.042551064354170165,0.00423601800626095,127.06332922344701,2.95996002423366,0.30089703187451106,0.1047213065793895
VISp,385,65,exact,VISp,385,Exact injection_structure_ids match.,282,377,VISpl6a,282,0.041218388381742896,0.0012992339648957999,76.10160266561259,0.790627002716064,0.01995256542368259,0.00319333241186185
VISp,385,65,exact,VISp,385,Exact injection_structure_ids match.,282,613,VISl5,282,0.04085454507467226,0.0034378214338689,128.15958133121876,2.586162219680595,0.07366334027382747,0.0211288899352743
VISp,385,65,exact,VISp,385,Exact injection_structure_ids match.,282,496345664,LGd-sh,282,0.038692957896365475,0.0001820608070058,175.79448124883749,0.09298115008558215,0.060326995829890255,0.00119139205110105
VISp,385,65,exact,VISp,385,Exact injection_structure_ids match.,282,869,VISpl4,282,0.03783111641685796,0.00114226167918255,97.67691004940683,0.7216320436789061,0.006942042895196895,0.0006964731609428
VISp,385,65,exact,VISp,385,Exact injection_structure_ids match.,282,312782594,VISli6a,282,0.03754689384644708,0.00123714481014755,94.63217917512571,0.7396593391895295,0.013270501971312463,0.002187604890778
VISp,385,65,exact,VISp,385,Exact injection_structure_ids match.,282,393,VISpl6b,282,0.03650183740358802,0.0010976966586895,58.130501409448506,0.6094722790274935,0.001518159099472246,0.00019346574522485002
VISp,385,65,exact,VISp,385,Exact injection_structure_ids match.,282,312782598,VISli6b,282,0.035160581760464125,0.0016024214564822,79.31619452708244,0.8361485796584665,0.002772711652071899,0.0004058065968673
VISp,385,65,exact,VISp,385,Exact injection_structure_ids match.,282,385,VISp,282,0.03479592719160656,0.0095641643840436,88.25945347502928,10.8080424548497,1.8346229295345506,1.236687997377855
VISp,385,65,exact,VISp,385,Exact injection_structure_ids match.,282,178,LGv,282,0.033539679176070335,0.00019214935443899998,108.70551904057513,0.09431390279490184,0.10527254743940995,0.0023195059611799997
VISp,385,65,exact,VISp,385,Exact injection_structure_ids match.,282,312782586,VISli4,282,0.03332977275118249,0.0004927001080007999,86.54671300440212,0.3391977548599245,0.012369825687536933,0.00046330730689145
VISp,385,65,exact,VISp,385,Exact injection_structure_ids match.,282,425,VISpl,282,0.033274318770160585,0.0023907754250283,65.8244950920156,1.56149128748799,0.17594328807029833,0.036172707849646296
VISp,385,65,exact,VISp,385,Exact injection_structure_ids match.,282,778,VISp5,282,0.03296949855977133,0.009267696109660401,85.44050563219251,12.24500815120535,0.4289667553814841,0.3034087493365685
VISp,385,65,exact,VISp,385,Exact injection_structure_ids match.,282,269,VISpl2/3,282,0.032634644010119916,0.0021285626571625003,61.0706858725904,1.12886202335358,0.04838925830523924,0.00666533760914045
VISp,385,65,exact,VISp,385,Exact injection_structure_ids match.,282,257,VISpm6a,282,0.032508485942217766,0.0024442756439632,49.21706954720378,1.55981945991516,0.027256794155153807,0.00758536288367365
VISp,385,65,exact,VISp,385,Exact injection_structure_ids match.,282,902,VISpl5,282,0.03232148359212666,0.0015960551681928,62.43268116068965,1.17876887321472,0.042775453212300814,0.00743696371546725
VISp,385,65,exact,VISp,385,Exact injection_structure_ids match.,282,41,VISpm2/3,282,0.03217309511465677,0.00364675721056595,51.22695077886116,1.962635744269205,0.07871523893823593,0.019309859909369703
VISp,385,65,exact,VISp,385,Exact injection_structure_ids match.,282,593,VISp1,282,0.03203580704236874,0.00893602692419225,85.77733782929468,7.613224029541015,0.36211173610729414,0.200535402324855
VISp,385,65,exact,VISp,385,Exact injection_structure_ids match.,282,469,VISpm6b,282,0.03194852099907455,0.0022438089358282,39.223746377910416,1.1664782762527501,0.004994576171522018,0.0013397790783088999
VISp,385,65,exact,VISp,385,Exact injection_structure_ids match.,282,821,VISp2/3,282,0.031889565156464544,0.006903262383344849,81.39053209082968,6.22970721161398,0.4652452074525728,0.27486623154617496
VISp,385,65,exact,VISp,385,Exact injection_structure_ids match.,282,1014,GENv,282,0.03168209843965543,0.00019182067439735002,97.61539716637178,0.0889884984947932,0.12927801123936467,0.0032838974751925503
VISam,394,63,exact,VISam,394,Exact injection_structure_ids match.,38,1046,VISam6a,38,0.17400501199450574,0.0969777945717489,641.5315778275377,151.24605638688598,0.17147204936629928,0.124100488807487
VISam,394,63,exact,VISam,394,Exact injection_structure_ids match.,38,433,VISam5,38,0.16347425929876042,0.0748835656122917,626.7452668639451,149.0685904094645,0.2476032669810063,0.154290863069286
VISam,394,63,exact,VISam,394,Exact injection_structure_ids match.,38,441,VISam6b,38,0.13913103345981254,0.08178059011697769,419.8356302858326,80.08442012147515,0.025529272529493982,0.017971020866667603
VISam,394,63,exact,VISam,394,Exact injection_structure_ids match.,38,401,VISam4,38,0.13403871911305343,0.060886188275944,480.7910208284624,95.6477392435978,0.05555854759734235,0.03096256261278055
VISam,394,63,exact,VISam,394,Exact injection_structure_ids match.,38,394,VISam,38,0.13358935690682433,0.06862222364214025,438.42638582325674,120.89477937611801,0.7705716997824072,0.4962919065071425
VISam,394,63,exact,VISam,394,Exact injection_structure_ids match.,38,1066,VISam2/3,38,0.11755737573899924,0.07070129737257955,353.5050352890992,78.16077312897795,0.16948001720677558,0.0947802630592864
VISam,394,63,exact,VISam,394,Exact injection_structure_ids match.,38,257,VISpm6a,38,0.09801924567800005,0.04198269226129725,265.09463424976315,43.90679357708995,0.11195774662368486,0.0684627185399725
VISam,394,63,exact,VISam,394,Exact injection_structure_ids match.,38,281,VISam1,38,0.09132941919818692,0.04372368939220905,258.63359769749377,38.74972343444825,0.10092854610148998,0.05680134639596665
VISam,394,63,exact,VISam,394,Exact injection_structure_ids match.,38,469,VISpm6b,38,0.0899706351087898,0.04315380565822125,214.39592713112478,28.21061611175535,0.019251372101467944,0.011748687859544499
VISam,394,63,exact,VISam,394,Exact injection_structure_ids match.,38,312782570,VISa6b,38,0.07996541790067557,0.0406319961909006,184.94919481590554,26.474807387347703,0.028539658160153917,0.01744113653160825
VISam,394,63,exact,VISam,394,Exact injection_structure_ids match.,38,312782566,VISa6a,38,0.07471676007697656,0.0318044065891369,184.95949363591572,28.727024078369148,0.1390826633639618,0.08412748601018166
VISam,394,63,exact,VISam,394,Exact injection_structure_ids match.,38,279,RSPagl6b,38,0.0730711722858971,0.046835841611027704,114.83890522279088,24.921732412994352,0.020964118511000343,0.01329620146749535
VISam,394,63,exact,VISam,394,Exact injection_structure_ids match.,38,533,VISpm,38,0.0722410286624879,0.0252294156096283,168.13967229921835,30.584471064040798,0.6362076702304738,0.36798067512654953
VISam,394,63,exact,VISam,394,Exact injection_structure_ids match.,38,805,VISpm1,38,0.07059950940160878,0.02185553591698405,162.89313530599458,19.9324150016581,0.12033434890391345,0.060759797586412645
VISam,394,63,exact,VISam,394,Exact injection_structure_ids match.,38,565,VISpm5,38,0.07003177028346304,0.026312873698771,183.30629845863095,29.49084216542455,0.16778747902233884,0.10386710528918949
VISam,394,63,exact,VISam,394,Exact injection_structure_ids match.,38,501,VISpm4,38,0.06884016551778946,0.0268988398993422,159.9002120720437,28.00368309020995,0.06073978362083947,0.02777267170680785
VISam,394,63,exact,VISam,394,Exact injection_structure_ids match.,38,41,VISpm2/3,38,0.06476109462605378,0.0225235419347882,127.5860353631341,19.67064094543455,0.156136939958229,0.0735502711215742
VISam,394,63,exact,VISam,394,Exact injection_structure_ids match.,38,601,VISal6a,38,0.06117175123790218,0.0193615285679698,104.20461039446262,14.2420687675476,0.05533922033059933,0.0302935792003849
VISam,394,63,exact,VISam,394,Exact injection_structure_ids match.,38,649,VISal6b,38,0.060156859049457785,0.02262602102201975,90.67743839500781,15.4460435320483,0.011861652949945286,0.00608032607418375
VISam,394,63,exact,VISam,394,Exact injection_structure_ids match.,38,330,RSPd6b,38,0.05846825873321635,0.0355375949293375,68.97704986543003,15.5377810516457,0.014860709533232354,0.0080685055409731
VISam,394,63,exact,VISam,394,Exact injection_structure_ids match.,38,312782562,VISa5,38,0.05683484420576206,0.022536697797477252,143.49203267964808,28.6424684524536,0.17496686814197684,0.0982018515751121
VISam,394,63,exact,VISam,394,Exact injection_structure_ids match.,38,906,RSPagl6a,38,0.05634865899983526,0.0255920184563179,97.20721451867105,17.81609763224745,0.1768419268452168,0.1214801228188725
VISam,394,63,exact,VISam,394,Exact injection_structure_ids match.,38,1074,VISal1,38,0.056309227556138715,0.0125921070575714,103.39696146267774,9.239579200744629,0.06258161286912686,0.02000461120291385
VISam,394,63,exact,VISam,394,Exact injection_structure_ids match.,38,312782546,VISa,38,0.056206642095978705,0.02164403502413005,121.69053113712408,24.84215219849655,0.6995641701566626,0.3633504944261845
VISam,394,63,exact,VISam,394,Exact injection_structure_ids match.,38,312782550,VISa1,38,0.0545842067119557,0.02129344455897805,102.19095483016345,17.2647636352129,0.11327804264552012,0.0651379759801507
VISam,394,63,exact,VISam,394,Exact injection_structure_ids match.,38,305,VISp6b,38,0.05255337132604554,0.020259626579651552,79.86127021318865,13.5629172042188,0.06280227882223836,0.034556880730258754
VISam,394,63,exact,VISam,394,Exact injection_structure_ids match.,38,312782554,VISa2/3,38,0.050656389376267666,0.0190085284411907,92.79407014037695,14.99794912338255,0.1825604085021165,0.0987372412062113
VISam,394,63,exact,VISam,394,Exact injection_structure_ids match.,38,312782624,VISrl6b,38,0.05064097078918558,0.021788829006254652,60.97820229582589,15.05338142267555,0.011522599327836275,0.0070332392142982
VISam,394,63,exact,VISam,394,Exact injection_structure_ids match.,38,274,RSPd6a,38,0.04845369675930478,0.02431179434253075,70.08132635789747,15.24366297387295,0.28190192671006864,0.17902509015886447
VISam,394,63,exact,VISam,394,Exact injection_structure_ids match.,38,74,VISl6a,38,0.04679735713614016,0.01532642708253495,66.66192027987779,12.83789963551785,0.07314864723936002,0.03580029199771885
VISal,402,46,exact,VISal,402,Exact injection_structure_ids match.,18,649,VISal6b,18,0.11975508811865596,0.06446190686056724,295.50630296029226,53.58917808532715,0.0355697537324773,0.02200740793043365
VISal,402,46,exact,VISal,402,Exact injection_structure_ids match.,18,601,VISal6a,18,0.11309067087012126,0.047673497824670105,281.51344161606147,59.584731702118304,0.1663238178657384,0.06958059140241665
VISal,402,46,exact,VISal,402,Exact injection_structure_ids match.,18,233,VISal5,18,0.10567092535740545,0.0446154790751756,263.9655161681087,65.6361148698893,0.35479171519510494,0.110918640977722
VISal,402,46,exact,VISal,402,Exact injection_structure_ids match.,18,402,VISal,18,0.09283047316159428,0.04322532441298395,201.66791918787234,53.2694644578002,1.0467924381677105,0.37092660632031
VISal,402,46,exact,VISal,402,Exact injection_structure_ids match.,18,1114,VISal4,18,0.08261460071129191,0.040386270731687504,186.75871363852562,45.6153324990469,0.12252981210698419,0.0383342266751659
VISal,402,46,exact,VISal,402,Exact injection_structure_ids match.,18,905,VISal2/3,18,0.08248971490333988,0.0237263279435,143.44218054452492,22.3403680035981,0.2180384311136203,0.110480137568406
VISal,402,46,exact,VISal,402,Exact injection_structure_ids match.,18,1074,VISal1,18,0.07955284085570472,0.01959567703306675,144.41325114709332,15.95981939642115,0.1495389081537859,0.0584665052222889
VISal,402,46,exact,VISal,402,Exact injection_structure_ids match.,18,312782624,VISrl6b,18,0.07454520216646025,0.0324623122430746,92.98718529904015,18.39601039886475,0.02365308707509238,0.0168602366721457
VISal,402,46,exact,VISal,402,Exact injection_structure_ids match.,18,1066,VISam2/3,18,0.07122054632386317,0.02493894670480285,100.38839792433858,13.295300483703599,0.3040122754693679,0.1016350966455908
VISal,402,46,exact,VISal,402,Exact injection_structure_ids match.,18,281,VISam1,18,0.0700440007537984,0.02763387845203725,121.51508281360044,18.44714959964635,0.260874364636227,0.0903669464848907
VISal,402,46,exact,VISal,402,Exact injection_structure_ids match.,18,421,VISl1,18,0.06884242472947875,0.0237349420785904,119.43637963484619,18.4605131149292,0.2651167432681469,0.120318435060293
VISal,402,46,exact,VISal,402,Exact injection_structure_ids match.,18,312782604,VISrl1,18,0.06798631330694549,0.0243994866829587,93.29737946438534,15.47556829452515,0.1681177957490556,0.08752305632443425
VISal,402,46,exact,VISal,402,Exact injection_structure_ids match.,18,312782598,VISli6b,18,0.06624036362727471,0.0222754850323097,96.83405005076213,13.9498372077942,0.019183188702230333,0.008672800584524201
VISal,402,46,exact,VISal,402,Exact injection_structure_ids match.,18,312782594,VISli6a,18,0.06288045634526188,0.019587490945265948,97.49524647633059,11.8037129923651,0.1066410100419197,0.04122787964381025
VISal,402,46,exact,VISal,402,Exact injection_structure_ids match.,18,312782620,VISrl6a,18,0.06257621154387889,0.017009820976711047,84.58666437748559,11.842742710712301,0.10483424918742902,0.0712603416795283
VISal,402,46,exact,VISal,402,Exact injection_structure_ids match.,18,456,AUDpo6b,18,0.06053715884940904,0.01740724948794295,74.06611436600905,12.31253480490355,0.05485796912945853,0.00714358642751165
VISal,402,46,exact,VISal,402,Exact injection_structure_ids match.,18,121,VISl6b,18,0.06033857883130137,0.029126629233360297,74.75646206813586,19.41288443858545,0.024036473922724986,0.016584185760626
VISal,402,46,exact,VISal,402,Exact injection_structure_ids match.,18,249,AUDpo6a,18,0.05969639825685518,0.0119058377961106,92.99165769238655,8.58924627304077,0.18062289073678375,0.027848297952644548
VISal,402,46,exact,VISal,402,Exact injection_structure_ids match.,18,805,VISpm1,18,0.05953241545865725,0.018499662735199297,92.45517459051798,10.34269403423993,0.22673277331997946,0.115647010149593
VISal,402,46,exact,VISal,402,Exact injection_structure_ids match.,18,312782578,VISli1,18,0.057564435774766824,0.02155439648777245,73.40620256545387,15.270549614576499,0.18448517380605245,0.05246581008332545
VISal,402,46,exact,VISal,402,Exact injection_structure_ids match.,18,312782582,VISli2/3,18,0.057269192303627786,0.013109093899655849,70.57514121308911,5.950637644408776,0.14339908227999582,0.05827748261819925
VISal,402,46,exact,VISal,402,Exact injection_structure_ids match.,18,312782608,VISrl2/3,18,0.05685936667772023,0.0142958304388649,71.2740889084131,8.150648684434165,0.17216142351599015,0.1223544094038085
VISal,402,46,exact,VISal,402,Exact injection_structure_ids match.,18,74,VISl6a,18,0.05621172662772382,0.022113052528558053,76.56559140769771,20.99562644958495,0.12584085720521102,0.09153658027258765
VISal,402,46,exact,VISal,402,Exact injection_structure_ids match.,18,417,VISrl,18,0.05553334503236965,0.01625138560113065,72.44177519147304,12.71567478841515,0.7218817783546632,0.501778401564884
VISal,402,46,exact,VISal,402,Exact injection_structure_ids match.,18,312782574,VISli,18,0.05547651253025582,0.0177419665387052,79.0827299138031,11.10371615354855,0.7002297851253794,0.2628704103294815
VISal,402,46,exact,VISal,402,Exact injection_structure_ids match.,18,41,VISpm2/3,18,0.05506965324701372,0.01317465292600635,72.04379320718462,5.940819298536845,0.23694440999559394,0.150769597933813
VISal,402,46,exact,VISal,402,Exact injection_structure_ids match.,18,973,VISl2/3,18,0.05405460269671108,0.013367816805839549,84.6393152503799,6.7326672077179,0.23352214459342627,0.15899230717728352
VISal,402,46,exact,VISal,402,Exact injection_structure_ids match.,18,409,VISl,18,0.05285924202847801,0.02234377387911415,82.49435269298459,18.0576688756321,1.0528257586452285,0.5320707591461176
VISal,402,46,exact,VISal,402,Exact injection_structure_ids match.,18,394,VISam,18,0.05247474097787814,0.0160756672774165,71.22313787331439,9.616400651894981,0.7725690777052893,0.3939930291691125
VISal,402,46,exact,VISal,402,Exact injection_structure_ids match.,18,312782590,VISli5,18,0.05121851199441133,0.014748646007316651,83.29406194922858,14.06004574472705,0.17343901754151253,0.07578465539313535
NOT,628,27,exact,NOT,628,Exact injection_structure_ids match.,1,842,SCsg,1,0.20824948679413266,0.208249486416753,303.345184036668,303.34518345766,1.308595614051574,1.25335365004367
NOT,628,27,exact,NOT,628,Exact injection_structure_ids match.,1,628,NOT,1,0.20111867951395576,0.171779756755902,421.4209587049902,332.794301591045,0.14485181041827858,0.148636539990988
NOT,628,27,exact,NOT,628,Exact injection_structure_ids match.,1,302,SCs,1,0.1838664043640763,0.18386629618088,258.13471239037,258.134423389244,2.1612231783711064,2.13431141526905
NOT,628,27,exact,NOT,628,Exact injection_structure_ids match.,1,1061,PPT,1,0.17694645600461048,0.150096706358882,398.5858480687153,321.38622157431,0.09176276141593039,0.106793714934564
NOT,628,27,exact,NOT,628,Exact injection_structure_ids match.,1,834,SCzo,1,0.166662617962723,0.166662616852418,202.71923928814468,202.719241301934,0.328167011950706,0.326180699976376
NOT,628,27,exact,NOT,628,Exact injection_structure_ids match.,1,851,SCop,1,0.14978285043320524,0.149782468643232,208.16232529240867,208.161414353789,0.524460552368828,0.55477706524901
NOT,628,27,exact,NOT,628,Exact injection_structure_ids match.,1,706,OP,1,0.1460349193703051,0.12600560307232,269.7884062533163,223.259221674377,0.031590819242332834,0.0373740228379059
NOT,628,27,exact,NOT,628,Exact injection_structure_ids match.,1,531,MPT,1,0.11195279800456853,0.110616707796219,174.83193069005787,172.615110078596,0.0258937906497978,0.0369650963836459
NOT,628,27,exact,NOT,628,Exact injection_structure_ids match.,1,58,MT,1,0.11170736142690618,0.111707361450661,134.08830900503963,134.088310346418,0.0264003408229042,0.0290256338815889
NOT,628,27,exact,NOT,628,Exact injection_structure_ids match.,1,634,NPC,1,0.08982473588023676,0.0898247354040774,77.98833451921773,77.9883342461298,0.14184529448479463,0.136539746355378
NOT,628,27,exact,NOT,628,Exact injection_structure_ids match.,1,321,SubG,1,0.0772365892690759,0.0772365875357758,105.64000822238222,105.640008811119,0.011308046471297949,0.0169337323192825
NOT,628,27,exact,NOT,628,Exact injection_structure_ids match.,1,1100,PRT,1,0.07687111160706034,0.0752843058535889,119.85106660623262,116.580479407232,0.8137913489291586,0.974065732484903
NOT,628,27,exact,NOT,628,Exact injection_structure_ids match.,1,10,SCig,1,0.07235011047225803,0.0723094481558091,110.05358088509139,109.967133417603,0.8018083373991667,0.923426121571316
NOT,628,27,exact,NOT,628,Exact injection_structure_ids match.,1,218,LP,1,0.06897001318596577,0.0689700155321586,73.43452297103673,73.4345227018677,0.45138616809457394,0.629492188225374
NOT,628,27,exact,NOT,628,Exact injection_structure_ids match.,1,75,DT,1,0.0651988969068679,0.0651988978150347,31.105044388847002,31.1050444366826,0.0040698658291476,0.0043905049146105
NOT,628,27,exact,NOT,628,Exact injection_structure_ids match.,1,606826659,MMd,1,0.06042285621730317,0.0604228559305617,52.18782555680547,52.187824357184,0.025313303511332333,0.0222279549431862
NOT,628,27,exact,NOT,628,Exact injection_structure_ids match.,1,339,MBsen,1,0.05858259857091384,0.0585825874839032,81.83404115960613,81.8340122342213,2.189535961340033,2.17411347554825
NOT,628,27,exact,NOT,628,Exact injection_structure_ids match.,1,215,APN,1,0.05378403703592677,0.0537712239540356,80.67313197195979,80.6509314459692,0.3738273681508866,0.502059828958792
NOT,628,27,exact,NOT,628,Exact injection_structure_ids match.,1,563807439,IntG,1,0.04998059101184277,0.0499805910493827,28.136554232317177,28.1365538271605,0.00612974494868659,0.0091020975629262
NOT,628,27,exact,NOT,628,Exact injection_structure_ids match.,1,294,SCm,1,0.04085956017763443,0.0408500096120309,54.5828040867055,54.5669753909604,1.257871344605753,1.51757661409863
NOT,628,27,exact,NOT,628,Exact injection_structure_ids match.,1,574,TRN,1,0.038462343303920336,0.0384623442173673,55.37453406311746,55.3745351585055,0.14458785192502868,0.216543041592006
NOT,628,27,exact,NOT,628,Exact injection_structure_ids match.,1,916,bsc,1,0.0369105997309097,0.0369106000661876,25.486727996310503,25.4867285598544,0.040394422357325634,0.0530868172115563
NOT,628,27,exact,NOT,628,Exact injection_structure_ids match.,1,737,fxpo,1,0.034610863585967135,0.0346108635859672,13.467666404992315,13.4676664049923,0.05243659392112247,0.0782574082578775
NOT,628,27,exact,NOT,628,Exact injection_structure_ids match.,1,155,LD,1,0.03446068920427863,0.0344606901961358,40.30577622231118,40.3057753555856,0.1909338850835706,0.284525363515758
NOT,628,27,exact,NOT,628,Exact injection_structure_ids match.,1,138,LAT,1,0.0341387177207616,0.0341387177207616,34.559824740379305,34.5598247403793,0.5722779524206526,0.805141242137277
NOT,628,27,exact,NOT,628,Exact injection_structure_ids match.,1,66,LT,1,0.033981338959154665,0.0339813394266135,15.89669904018058,15.8966990978901,0.003312559235864733,0.0047779209520793
NOT,628,27,exact,NOT,628,Exact injection_structure_ids match.,1,1029,POL,1,0.03266013252097386,0.0326601325491971,30.626652368390324,30.6266529812925,0.03658197217147383,0.0518813458486532
NOT,628,27,exact,NOT,628,Exact injection_structure_ids match.,1,496345664,LGd-sh,1,0.0306771041684134,0.0306771037676284,19.91709055897674,19.9170906066024,0.0346641484663431,0.0467981773510101
NOT,628,27,exact,NOT,628,Exact injection_structure_ids match.,1,17,SCiw,1,0.028554272661586833,0.0285539221315987,31.164531470185974,31.1641161467029,0.32525136654380676,0.406833900565043
NOT,628,27,exact,NOT,628,Exact injection_structure_ids match.,1,27,IGL,1,0.0284998703312266,0.0284998703372146,16.503936069042382,16.503936340901,0.0106288053257207,0.014032697647252
DG,726,19,exact,DG,726,Exact injection_structure_ids match.,43,10703,DG-mo,43,0.06608709808565714,0.0160436527053745,175.59007920782065,27.9430122375488,2.4616237551058413,1.16973822929426
DG,726,19,exact,DG,726,Exact injection_structure_ids match.,43,726,DG,43,0.05989090481094213,0.0136549209755698,153.92131138689084,28.9726594489493,3.4170220790442443,1.6973355915813
DG,726,19,exact,DG,726,Exact injection_structure_ids match.,43,10704,DG-po,43,0.052939233781959354,0.0160451270639896,112.60571568962602,28.7233371734619,0.34862947655708737,0.256290469590202
DG,726,19,exact,DG,726,Exact injection_structure_ids match.,43,632,DG-sg,43,0.045742026323845844,0.0078127429743616,111.3936835849673,9.11330509185791,0.6067688473813173,0.218213179516898
DG,726,19,exact,DG,726,Exact injection_structure_ids match.,43,1080,HIP,43,0.030095701812972293,0.0067005604171073,81.1080781564456,12.4394469972401,5.435581874538952,3.34436789798091
DG,726,19,exact,DG,726,Exact injection_structure_ids match.,43,449,vhc,43,0.023604319991044762,0.0010940365613666,35.36739780379768,0.214049466287504,0.009519612376190756,0.0017545294060691
DG,726,19,exact,DG,726,Exact injection_structure_ids match.,43,423,CA2,43,0.023474864348688892,0.0029813786968588,67.43169192358833,4.77684783935547,0.0746440244893039,0.0305946918666199
DG,726,19,exact,DG,726,Exact injection_structure_ids match.,43,338,SFO,43,0.022527154198193795,0.0006958459853194,35.43193723859621,0.346170902252197,0.004351954772347031,0.0004767499204641
DG,726,19,exact,DG,726,Exact injection_structure_ids match.,43,463,CA3,43,0.022422041073549948,0.0067185671068728,57.62946772054894,11.0789213180542,1.0826794880177926,0.711500847056869
DG,726,19,exact,DG,726,Exact injection_structure_ids match.,43,375,CA,43,0.018923160603383404,0.0033745755392916,53.919308423842104,5.49257032185188,2.0014508949293575,1.00369587868253
DG,726,19,exact,DG,726,Exact injection_structure_ids match.,43,250,LSc,43,0.016914697200745843,1.6046116797952e-05,25.377236819691543,0.0058014509268105,0.04069964158024299,0.0003184832947609
DG,726,19,exact,DG,726,Exact injection_structure_ids match.,43,382,CA1,43,0.016537156664131816,0.0008902290859764,50.72334229558345,0.572394500814692,0.8441273824222615,0.114716006163798
DG,726,19,exact,DG,726,Exact injection_structure_ids match.,43,581,TRS,43,0.00908733064214949,0.000240385896177,8.904504241783794,0.0845627860568663,0.018477288695893167,0.0022627954110931
DG,726,19,exact,DG,726,Exact injection_structure_ids match.,43,982,FC,43,0.008751140820754925,5.75086387747525e-05,32.233030345760824,0.0124057230869001,0.0029035679531530536,8.20377431754844e-05
DG,726,19,exact,DG,726,Exact injection_structure_ids match.,43,310,SF,43,0.007431634222856532,0.0001938877303176,4.857028850636191,0.0486445091664791,0.02352790251771394,0.0019842860476704
DG,726,19,exact,DG,726,Exact injection_structure_ids match.,43,564,MS,43,0.006775995965304498,1.90634600311651e-05,4.109713087109307,0.0039561547473954,0.017775995662985752,0.0001587223350646
DG,726,19,exact,DG,726,Exact injection_structure_ids match.,43,826,PALm,43,0.006708474772542916,0.0001463108650485,4.9320265110424995,0.0706557920677232,0.06195731662371674,0.0080643185376234
DG,726,19,exact,DG,726,Exact injection_structure_ids match.,43,904,MSC,43,0.00597562299406173,6.95064620835499e-05,3.708231567768669,0.021173749902577,0.043480027927823565,0.001853705681924
DG,726,19,exact,DG,726,Exact injection_structure_ids match.,43,129,V3,43,0.005963139812911748,0.0016153947045296,14.896853952356405,0.528611302375793,0.05112900142702956,0.0245787060824093
DG,726,19,exact,DG,726,Exact injection_structure_ids match.,43,596,NDB,43,0.005526523229406522,6.88230873931086e-05,3.4829570844480964,0.0181615982721151,0.0257040322648378,0.0012503034203435
DG,726,19,exact,DG,726,Exact injection_structure_ids match.,43,275,LSX,43,0.005497304636471219,3.98620782475388e-05,6.247157981671002,0.0078287388449315,0.09690681544994122,0.004256948932608
DG,726,19,exact,DG,726,Exact injection_structure_ids match.,43,603,fi,43,0.005325698895385438,0.0005114641971886,5.2470919938221074,0.166584953665733,0.06021362924664034,0.0137111857140081
DG,726,19,exact,DG,726,Exact injection_structure_ids match.,43,242,LS,43,0.005252861397913048,1.29860199191303e-05,6.530228258420254,0.0056816781855992,0.07321725389065378,0.0011492158943697
DG,726,19,exact,DG,726,Exact injection_structure_ids match.,43,484682470,ProS,43,0.003699178537836577,0.0001354465159876,5.3895488422801465,0.119217066910068,0.03803898986805577,0.0055414408018488
DG,726,19,exact,DG,726,Exact injection_structure_ids match.,43,695,CTXpl,43,0.0035997173678923283,0.0009008639073992,9.267093045800591,1.70466674051092,6.195243711636374,4.28861063361509
DG,726,19,exact,DG,726,Exact injection_structure_ids match.,43,768,mfbc,43,0.003418151184533686,0.0004673999152673,5.41467044592805,0.250710508891207,0.16254302156613812,0.0642090900048129
DG,726,19,exact,DG,726,Exact injection_structure_ids match.,43,258,LSr,43,0.0033960868511221237,1.84820037247846e-05,2.974363819320974,0.005216000394525,0.0318434792571575,0.0007392662099375
DG,726,19,exact,DG,726,Exact injection_structure_ids match.,43,991,mfbs,43,0.0030455863901546532,0.0004381873427212,4.821319802677722,0.223938324605186,0.16607636757604616,0.0706505045977967
DG,726,19,exact,DG,726,Exact injection_structure_ids match.,43,64,AD,43,0.002974738153279437,6.58536373521201e-05,6.273278695525345,0.0194900259375572,0.004868090488080318,0.0002326323296464
DG,726,19,exact,DG,726,Exact injection_structure_ids match.,43,502,SUB,43,0.002819385505861042,0.0001698822541752,2.775238110955984,0.0876177325844765,0.05557083107888952,0.0105088537385348
APN,215,8,exact,APN,215,Exact injection_structure_ids match.,13,215,APN,13,0.06964644476718077,0.0357638449991759,126.2746121116762,31.5853290557861,0.3535514315996104,0.358119118071559
APN,215,8,exact,APN,215,Exact injection_structure_ids match.,13,422,SPFp,13,0.06438540713799007,0.0217148531228304,91.82877421222446,17.5982818603516,0.03625926318078933,0.0190005580980657
APN,215,8,exact,APN,215,Exact injection_structure_ids match.,13,1100,PRT,13,0.058265575898343955,0.0325332928333321,94.464213956534,28.7417180939119,0.47859071254885777,0.473242326578768
APN,215,8,exact,APN,215,Exact injection_structure_ids match.,13,634,NPC,13,0.05818909858804769,0.0371295594864374,62.972106213237126,23.755911776302,0.06158525071297195,0.0438707827292499
APN,215,8,exact,APN,215,Exact injection_structure_ids match.,13,1029,POL,13,0.05733591232668705,0.0224002859218998,99.44088884727968,10.3920011520386,0.04092666090258196,0.0273673312892894
APN,215,8,exact,APN,215,Exact injection_structure_ids match.,13,804,FF,13,0.05706720003577502,0.0136016085743904,89.42538882930938,6.01848173141479,0.05869550861614927,0.0126176607376571
APN,215,8,exact,APN,215,Exact injection_structure_ids match.,13,406,SPF,13,0.0508488107005746,0.0219033756389096,67.27012435167076,15.4750743877268,0.0418302529118181,0.0209634048263982
APN,215,8,exact,APN,215,Exact injection_structure_ids match.,13,560581551,Eth,13,0.04916974297066891,0.0186621584653329,54.33591826003216,17.1840224574342,0.050437112887252424,0.043227485909393
APN,215,8,exact,APN,215,Exact injection_structure_ids match.,13,75,DT,13,0.04909867267917795,0.0060023483820259,87.91034614389743,1.40073835849762,0.0012247552896859444,0.000441432101638
APN,215,8,exact,APN,215,Exact injection_structure_ids match.,13,563807435,PoT,13,0.048376060817929604,0.0148907365781227,70.38440064534561,8.42819774546829,0.050709410651459244,0.0262235744416142
APN,215,8,exact,APN,215,Exact injection_structure_ids match.,13,214,RN,13,0.048112738549083885,0.0114502375945449,85.88526048435777,4.3169322013855,0.1637556736220567,0.062332387562
APN,215,8,exact,APN,215,Exact injection_structure_ids match.,13,797,ZI,13,0.044862087395789015,0.0131715904863816,77.94826197432818,10.1511537442532,0.31351897994691136,0.232776559865051
APN,215,8,exact,APN,215,Exact injection_structure_ids match.,13,1061,PPT,13,0.04352921955460876,0.0151495679561095,59.883671252598305,8.46499520823422,0.02050802607007116,0.0140990809338747
APN,215,8,exact,APN,215,Exact injection_structure_ids match.,13,10,SCig,13,0.04152914098788435,0.0203445050865412,54.61871370846626,12.1553592681885,0.30037445403854607,0.209139612509282
APN,215,8,exact,APN,215,Exact injection_structure_ids match.,13,706,OP,13,0.04097073709676905,0.002747701248154,75.77148955912533,1.57807535703687,0.007533458323246868,0.0014152915118472
APN,215,8,exact,APN,215,Exact injection_structure_ids match.,13,158,pc,13,0.04082135374373342,0.0248296298086643,26.306411776869265,10.0182078197145,0.00744068292137358,0.0057926887302376
APN,215,8,exact,APN,215,Exact injection_structure_ids match.,13,549009203,RPF,13,0.040070005821531994,0.0188756081680889,33.04194239830838,7.84661149978638,0.009560277004214319,0.0093812387124093
APN,215,8,exact,APN,215,Exact injection_structure_ids match.,13,549009211,MA3,13,0.03638706570369903,0.0193076338618994,22.484843250959077,10.9827561751039,0.0024907475097943796,0.0015425030444719
APN,215,8,exact,APN,215,Exact injection_structure_ids match.,13,336,csc,13,0.034493661160241385,0.0075292388977543,24.069173828654268,3.74366858718433,0.0038011241707673173,0.0011902918012908
APN,215,8,exact,APN,215,Exact injection_structure_ids match.,13,560581563,PIL,13,0.032666366429377196,0.0027692585717886,48.47972362500298,1.20452749729156,0.017777869939294363,0.0030865355426376
APN,215,8,exact,APN,215,Exact injection_structure_ids match.,13,294,SCm,13,0.03145738569303703,0.0177725326434472,34.76532419767677,8.20291192109517,0.6490769257476195,0.358637244285594
APN,215,8,exact,APN,215,Exact injection_structure_ids match.,13,1020,PO,13,0.030428649735366655,0.0050385058657948,39.91856406930211,2.91741599389495,0.15898377189100485,0.0273490265560145
APN,215,8,exact,APN,215,Exact injection_structure_ids match.,13,628,NOT,13,0.030385295746300427,0.0063994023948907,36.29194936852583,4.64307410121529,0.021917203356608923,0.0065748376275728
APN,215,8,exact,APN,215,Exact injection_structure_ids match.,13,17,SCiw,13,0.02991130278965825,0.0204854439340162,28.966624201505358,8.28492274419648,0.24248394099829362,0.154306657391685
APN,215,8,exact,APN,215,Exact injection_structure_ids match.,13,321,SubG,13,0.029634705994392725,0.0024426419404952,52.638308032054915,1.16380420079424,0.002583129469335015,0.0005871666959486
APN,215,8,exact,APN,215,Exact injection_structure_ids match.,13,609,SPA,13,0.029614590720349467,0.0067355479113757,21.400080263766657,3.35525512695312,0.013476631366313337,0.0043946662776961
APN,215,8,exact,APN,215,Exact injection_structure_ids match.,13,325,SGN,13,0.029218445071165115,0.0034615806492835,67.93126540819455,1.57561373710632,0.011045021444238754,0.0028692198312821
APN,215,8,exact,APN,215,Exact injection_structure_ids match.,13,246,RR,13,0.02886898236666471,0.0042446944862604,28.76485709582834,1.67708921432495,0.015939614063078908,0.0100831621579659
APN,215,8,exact,APN,215,Exact injection_structure_ids match.,13,138,LAT,13,0.028634250640013674,0.0116127150151966,37.4766546479837,6.60530536510012,0.3393832181459575,0.214113114965091
APN,215,8,exact,APN,215,Exact injection_structure_ids match.,13,930,PF,13,0.028145782043552864,0.0173188801854849,19.380116884294214,6.5794153213501,0.0547122433852123,0.0642937432655371
PPT,1061,3,exact,PPT,1061,Exact injection_structure_ids match.,1,706,OP,1,0.38294589598973067,0.219007285833343,1039.3899631549914,382.292646422982,0.018853479351417134,0.0192816396344373
PPT,1061,3,exact,PPT,1061,Exact injection_structure_ids match.,1,1061,PPT,1,0.2857119498474607,0.229101600594285,710.8967881328604,502.422381915676,0.06281587693841273,0.0612081206300762
PPT,1061,3,exact,PPT,1061,Exact injection_structure_ids match.,1,851,SCop,1,0.255451565862102,0.255180272103556,514.2610975700974,513.419683396327,0.4400422497262427,0.505507611248067
PPT,1061,3,exact,PPT,1061,Exact injection_structure_ids match.,1,628,NOT,1,0.22417800542335967,0.204378483194747,511.070787586986,445.674124235565,0.09379153646569723,0.103514168165595
PPT,1061,3,exact,PPT,1061,Exact injection_structure_ids match.,1,302,SCs,1,0.20303409285555496,0.20296395699722,396.85984349400843,396.658428234754,1.1773425781689817,1.3794965284336
PPT,1061,3,exact,PPT,1061,Exact injection_structure_ids match.,1,842,SCsg,1,0.19843613193222184,0.198435301655182,400.1126215142263,400.110233927445,0.61591472566754,0.734374457690014
PPT,1061,3,exact,PPT,1061,Exact injection_structure_ids match.,1,531,MPT,1,0.17591337343998972,0.099288090495712,380.6187095831647,69.6537285419706,0.005918791806490033,0.0085475312726671
PPT,1061,3,exact,PPT,1061,Exact injection_structure_ids match.,1,178,LGv,1,0.14751897534929911,0.147518978452778,229.90122340253876,229.901227656957,0.16115401195962953,0.213925013086358
PPT,1061,3,exact,PPT,1061,Exact injection_structure_ids match.,1,634,NPC,1,0.14413280485935862,0.137110596861477,236.12137485681083,218.179149900022,0.09274833334127486,0.0968324634169718
PPT,1061,3,exact,PPT,1061,Exact injection_structure_ids match.,1,1014,GENv,1,0.13226198887991994,0.13226198887992,189.19492757481592,189.194927574816,0.1864289028189492,0.243909669489558
PPT,1061,3,exact,PPT,1061,Exact injection_structure_ids match.,1,834,SCzo,1,0.12483147247845645,0.124824049747429,178.60520501627954,178.590128293468,0.12138560277519746,0.139614459495514
PPT,1061,3,exact,PPT,1061,Exact injection_structure_ids match.,1,10,SCig,1,0.11761175237584004,0.117380887791153,226.69651049818734,226.080936981622,0.640721129266877,0.767832656632741
PPT,1061,3,exact,PPT,1061,Exact injection_structure_ids match.,1,336,csc,1,0.11602836782508989,0.116023188375649,123.1045010878115,123.095703123054,0.008709854074314233,0.0095282956178889
PPT,1061,3,exact,PPT,1061,Exact injection_structure_ids match.,1,1100,PRT,1,0.1085922730285,0.104887940491849,212.83567793059078,202.214491159304,0.5402204314405973,0.61862100466503
PPT,1061,3,exact,PPT,1061,Exact injection_structure_ids match.,1,27,IGL,1,0.10003081828313393,0.100030820666472,61.975140971533506,61.9751417714119,0.018427234054073,0.0209247870918354
PPT,1061,3,exact,PPT,1061,Exact injection_structure_ids match.,1,155,LD,1,0.09096976533972352,0.0909697649014929,197.3216199791791,197.32161519419,0.2489664702820403,0.353073800118985
PPT,1061,3,exact,PPT,1061,Exact injection_structure_ids match.,1,218,LP,1,0.08010157664011497,0.080101574790197,105.2323054797909,105.232303478557,0.2589486964080761,0.341744587802015
PPT,1061,3,exact,PPT,1061,Exact injection_structure_ids match.,1,215,APN,1,0.07637845901462396,0.0762928069476174,149.29728183245751,149.089681419614,0.26151867673946805,0.341460232061384
PPT,1061,3,exact,PPT,1061,Exact injection_structure_ids match.,1,294,SCm,1,0.07584192799021637,0.075744388065279,124.37024047939657,124.15716350302,1.1490914152445706,1.3944985508996
PPT,1061,3,exact,PPT,1061,Exact injection_structure_ids match.,1,496345668,LGd-co,1,0.0729584720389932,0.0729584717473059,75.1138561253699,75.1138576522332,0.08234006871091994,0.100145606273887
PPT,1061,3,exact,PPT,1061,Exact injection_structure_ids match.,1,496345672,LGd-ip,1,0.07215776166528606,0.0721577609691068,76.07166760862977,76.0716693908306,0.018621661005349534,0.0226141701787876
PPT,1061,3,exact,PPT,1061,Exact injection_structure_ids match.,1,170,LGd,1,0.06847503869536396,0.0684750386953638,69.58912499869406,69.589124998694,0.13317072789655884,0.168085887654791
PPT,1061,3,exact,PPT,1061,Exact injection_structure_ids match.,1,339,MBsen,1,0.06552885873757584,0.0655217262587209,125.8610121599616,125.840996397018,1.2092842255925145,1.41866479980369
PPT,1061,3,exact,PPT,1061,Exact injection_structure_ids match.,1,50,PRC,1,0.060831286964898,0.0608312870057962,40.23516243121522,40.2351637310236,0.027958831629298134,0.03626263993395
PPT,1061,3,exact,PPT,1061,Exact injection_structure_ids match.,1,496345664,LGd-sh,1,0.0577067069131739,0.0577067059594712,55.42072981926574,55.420729706668,0.032208998180289335,0.0453261112021161
PPT,1061,3,exact,PPT,1061,Exact injection_structure_ids match.,1,916,bsc,1,0.0564103637634992,0.0564103649368229,41.127848683887734,41.1278492781342,0.0304939692057886,0.0430994416946842
PPT,1061,3,exact,PPT,1061,Exact injection_structure_ids match.,1,563807439,IntG,1,0.055800298719957064,0.0558002978395062,32.637548829653404,32.6375486419753,0.0033803547968096997,0.0041987791387946
PPT,1061,3,exact,PPT,1061,Exact injection_structure_ids match.,1,26,SCdg,1,0.05434017133787574,0.0543338005118162,55.56628667242766,55.5584171690779,0.17474465595322453,0.2182019445631
PPT,1061,3,exact,PPT,1061,Exact injection_structure_ids match.,1,17,SCiw,1,0.052440566872889505,0.0523641051511011,78.72525806328214,78.5740467041895,0.2935925037056829,0.357343121014107
PPT,1061,3,exact,PPT,1061,Exact injection_structure_ids match.,1,321,SubG,1,0.04794489866055566,0.0479448994787789,29.502552846552373,29.5025523289485,0.0034673020084368,0.0048610901725704
